repository_name,plugin
18F/ckanext-formats,formats
6aika/ckanext-collection,collection
6aika/ckanext-datasetcopy,datasetcopy
6aika/ckanext-editor,editor
6aika/ckanext-rating,rating
6aika/ckanext-reminder,reminder
908Inc/ckanext-forum,forum
AKSW/ckanext-metaconf,example_metaconf
ALTERNATIVE-EU/ckanext-alternative_theme,alternative_theme
ALTERNATIVE-EU/ckanext-keycloak_access_token,keycloak_access_token
ALTERNATIVE-EU/ckanext-keycloak_auth,keycloak_auth
AQUACROSS/ckanext-aquacross_theme,aquacross_theme
Abeelha/ckanext-onboarding-theodoro-bertol,onboarding_theodoro_bertol
AjuntamentdeBarcelona/ckanext-federagobes,federagobes
AjuntamentdeBarcelona/ckanext-odatabcn,editfields
AjuntamentdeBarcelona/ckanext-odatabcn,odatabcn
AnnaGerber/ckanext-hideorgs,hideorgs
AppGeo/ckanext-agsview,ags_fs_view
AppGeo/ckanext-agsview,ags_ms_view
AustinMastLab/ckanext-digitizationknowledge,digitizationknowledge
AustinMastLab/ckanext-digitizationknowledge-theme,digitizationknowledge_theme
BPM-Conseil/ckanext-datapusherplusapi,datapusherplusapi
BU-Spark/ckanext-spark,spark
BetaNYC/ckanext-datacity_theme,datacity_theme
BioplatformsAustralia/ckanext-aup,aup
BioplatformsAustralia/ckanext-bpaschema,bpaschema
BioplatformsAustralia/ckanext-bpatheme,bpa_theme
BioplatformsAustralia/ckanext-bpatogalaxy,bpatogalaxy
BioplatformsAustralia/ckanext-bulk,bulk
BioplatformsAustralia/ckanext-cilogin,cilogin
BioplatformsAustralia/ckanext-drs,drs
BioplatformsAustralia/ckanext-initiatives,initiatives
BioplatformsAustralia/ckanext-laissezpasser,laissezpasser
BioplatformsAustralia/ckanext-lollipop,lollipop
BioplatformsAustralia/ckanext-oidc-pkce-bpa,oidc_pkce_bpa
CENDARI/ckanext-dariahshibboleth,dariahshibboleth
CSCfi/fairdata-ckanext-etsin,etsin
CSCfi/fairdata-ckanext-harvest,ckan_harvester
CSCfi/fairdata-ckanext-harvest,harvest
CSCfi/fairdata-ckanext-oaipmh,cmdi_harvester
CSCfi/fairdata-ckanext-oaipmh,datacite_harvester
CSCfi/fairdata-ckanext-oaipmh,ddi25_harvester
CSCfi/fairdata-ckanext-spatial,csw_harvester
CSCfi/fairdata-ckanext-spatial,doc_harvester
CSCfi/fairdata-ckanext-spatial,gemini_csw_harvester
CSCfi/fairdata-ckanext-spatial,gemini_doc_harvester
CSCfi/fairdata-ckanext-spatial,gemini_waf_harvester
CSCfi/fairdata-ckanext-spatial,spatial_harvest_metadata_api
CSCfi/fairdata-ckanext-spatial,spatial_metadata
CSCfi/fairdata-ckanext-spatial,spatial_query
CSCfi/fairdata-ckanext-spatial,waf_harvester
CSIRO-enviro-informatics/ckanext-csiro_hub_theme,csiro_hub_theme
CSIRO-enviro-informatics/ckanext-dcat-rev,dcat
CSIRO-enviro-informatics/ckanext-dcat-rev,dcat_json_harvester
CSIRO-enviro-informatics/ckanext-dcat-rev,dcat_json_interface
CSIRO-enviro-informatics/ckanext-dcat-rev,dcat_rdf_harvester
CSIRO-enviro-informatics/ckanext-dcat-rev,dcat_xml_harvester
CSIRO-enviro-informatics/ckanext-dcat-rev,structured_data
CSIRO-enviro-informatics/ckanext-dcat-rev,test_rdf_exception_harvester
CSIRO-enviro-informatics/ckanext-dcat-rev,test_rdf_harvester
CSIRO-enviro-informatics/ckanext-dcat-rev,test_rdf_null_harvester
CSIRO-enviro-informatics/ckanext-digitalassetfields,digitalassetfields
CSIRO-enviro-informatics/ckanext-user_ext,user_ext
CSIRO-enviro-informatics/ckanext-user_opt_in,user_opt_in
CSTARS/ckanext-ecosis,ecosis
CVISDevelopment/ckanext-ua-portal-design,ua_portal_design
Cadasta/ckanext-project,cadasta_organization
Cadasta/ckanext-project,cadastaroles
Cadasta/ckanext-project,project
Chealer/ckanext-categroupy,categroupy
City-of-Bloomington/ckanext-cob,cob
City-of-Helsinki/ckanext-hoi,hoi_dataset
CityOfPhiladelphia/ckanext-highlight-related-items,highlight-related-items
CiudadesAbiertas/ckanext-abrircon,abrircon
CivityNL/ckanext-civity,civity
CivityNL/ckanext-civity,civity_csw_harvester
CivityNL/ckanext-civity,civity_dcat_json_harvester
CivityNL/ckanext-civity,civity_harvest
CivityNL/ckanext-civity,civity_metadataquality
CivityNL/ckanext-civity,civity_spatial
CivityNL/ckanext-civity,civity_ua
CivityNL/ckanext-civity,civityharvester
CivityNL/ckanext-definitions,definitions
CivityNL/ckanext-fairdatapoint,fairdatapoint
CivityNL/ckanext-fairdatapoint,fairdatapointharvester
CivityNL/ckanext-keycloaksynch,keycloaksynch
CivityNL/ckanext-portal,portal
CivityNL/ckanext-scorewater,scorewater
CivityNL/ckanext-tracker,tracker
CivityNL/ckanext-tracker,tracker_ckantockan
CivityNL/ckanext-tracker,tracker_ckantockan_donl
CivityNL/ckanext-tracker,tracker_ckantockan_oneckan
CivityNL/ckanext-tracker,tracker_ckantockan_oneckan_lidingo
CivityNL/ckanext-tracker,tracker_ckantockan_oneckan_rotterdam
CivityNL/ckanext-tracker,tracker_geonetwork
CivityNL/ckanext-tracker,tracker_geoserver
CivityNL/ckanext-tracker,tracker_ogr
Clairewjlee/ckanext-categories,categories
CodeForAfrica/ckanext-followy,followy
CodeForAfrica/ckanext-kyelatheme,kyelatheme
CodeForAfrica/ckanext-notify,notify
CodeForAfrica/ckanext-openafrica,openafrica
CodeForAfrica/ckanext-opengovharvester,opengovharvester
CodeForAfrica/ckanext-social,social
CodeForAfrica/ckanext-socialite,socialite
CodeandoMexico/ckanext-datamx_theme,datamx_theme
CodeandoMexico/ckanext-openrefine,openrefine
CodeandoMexico/ckanext-widgets,ckanext-widgets
CodeandoMexico/ckanext-widgets,widgets_controller
CollectivaT-dev/ckanext-collectivat-theme,collectivat_theme
ConocimientoAbierto/ckanext-evaluator,evaluator
ConocimientoAbierto/ckanext-fca_theme,fca_theme
Creainter-DevOps/ckanext-mef_theme,mef_theme
DCOR-dev/ckanext-dc_log_view,dc_log_view
DCOR-dev/ckanext-dc_serve,dc_serve
DCOR-dev/ckanext-dc_view,dc_view
DCOR-dev/ckanext-dcor_depot,dcor_depot
DCOR-dev/ckanext-dcor_schemas,dcor_schemas
DCOR-dev/ckanext-dcor_theme,dcor_theme
DEFRA/ckanext-defra,defra
DEFRA/ckanext-defrareports,defrareports
DanePubliczneGovPl/ckanext-danepubliczne,dane_publiczne
DanePubliczneGovPl/ckanext-danepubliczne,dane_publiczne_applications
DanePubliczneGovPl/ckanext-danepubliczne,dane_publiczne_articles
DanePubliczneGovPl/ckanext-danepubliczne,dane_publiczne_categories
DanePubliczneGovPl/ckanext-danepubliczne,dane_publiczne_dataset
DanePubliczneGovPl/ckanext-danepubliczne,dane_publiczne_organization
DanePubliczneGovPl/ckanext-danepubliczne,piwik
DataDotUG/ckanext-ddug,ddug
DataShades/ckanext-accessrequests,accessrequests
DataShades/ckanext-acl,acl
DataShades/ckanext-admin-panel,admin_panel
DataShades/ckanext-admin-panel,admin_panel_cron
DataShades/ckanext-admin-panel,admin_panel_doi
DataShades/ckanext-admin-panel,admin_panel_example
DataShades/ckanext-admin-panel,admin_panel_log
DataShades/ckanext-admin-panel,ap_cron_test
DataShades/ckanext-admin-panel,ap_doi
DataShades/ckanext-better-stats,better_stats
DataShades/ckanext-better-stats,better_stats_demo
DataShades/ckanext-blocksmith,blocksmith
DataShades/ckanext-charts,charts_builder_view
DataShades/ckanext-charts,charts_view
DataShades/ckanext-chatbot,chatbot
DataShades/ckanext-check-link,check_link
DataShades/ckanext-clamav,clamav
DataShades/ckanext-cloudconnector,cloud_connector
DataShades/ckanext-comments,comments
DataShades/ckanext-composite-search,composite_search
DataShades/ckanext-composite-search,default_composite_search
DataShades/ckanext-content,content
DataShades/ckanext-core-fix,core_fix
DataShades/ckanext-create_typed_package,create_typed_package
DataShades/ckanext-datavic-stats,datavic_stats
DataShades/ckanext-dimred,dimred
DataShades/ckanext-disable_related,disable_related
DataShades/ckanext-drupal-api,drupal_api
DataShades/ckanext-drupal-idp,drupal_idp
DataShades/ckanext-drupal_menu_sync,drupal_menu_sync
DataShades/ckanext-ds-stats,ds_stats
DataShades/ckanext-duo,duo
DataShades/ckanext-duo,duo_dataset
DataShades/ckanext-duo,duo_group
DataShades/ckanext-duo,duo_organization
DataShades/ckanext-event-audit,event_audit
DataShades/ckanext-event-audit,test_event_audit
DataShades/ckanext-example_static,example_static
DataShades/ckanext-excelimport,excelimport
DataShades/ckanext-extend-search,extend_search
DataShades/ckanext-federated-index,federated_index
DataShades/ckanext-federated-index,test_federated_index
DataShades/ckanext-files,file_upload_widget
DataShades/ckanext-files,files
DataShades/ckanext-files,files_manager
DataShades/ckanext-flakes,flakes
DataShades/ckanext-flakes,flakes_feedback
DataShades/ckanext-flakes,flakes_rating
DataShades/ckanext-flakes,flakes_scheming
DataShades/ckanext-flakes,flakes_scheming_overrides
DataShades/ckanext-fpx,fpx
DataShades/ckanext-githubrepopreview,githubrepo_view
DataShades/ckanext-google_user,google_user
DataShades/ckanext-gpkg-view,gpkg_view
DataShades/ckanext-graphic-walker,graphic_walker_view
DataShades/ckanext-harvest-basket,arcgis_harvester
DataShades/ckanext-harvest-basket,basket_csiro_harvester
DataShades/ckanext-harvest-basket,basket_csw_harvester
DataShades/ckanext-harvest-basket,basket_dcat_json_harvester
DataShades/ckanext-harvest-basket,custom_ckan_harvester
DataShades/ckanext-harvest-basket,dkan_harvester
DataShades/ckanext-harvest-basket,harvest_basket
DataShades/ckanext-harvest-basket,junar_harvester
DataShades/ckanext-harvest-basket,ods_harvester
DataShades/ckanext-harvest-basket,socrata_harvester
DataShades/ckanext-hierarchy_search,hierarchy_search
DataShades/ckanext-idb-theme,idb_theme
DataShades/ckanext-ingest,ingest
DataShades/ckanext-iso19115,iso19115
DataShades/ckanext-js-tweaks,js_tweaks
DataShades/ckanext-json-viewer,json_viewer
DataShades/ckanext-latex,latex
DataShades/ckanext-let-me-in,let_me_in
DataShades/ckanext-let-me-in,let_me_in_impostor
DataShades/ckanext-let-me-in,test_otl_plugin
DataShades/ckanext-login-throttle,login_throttle
DataShades/ckanext-logs,logs
DataShades/ckanext-mailcraft,mailcraft
DataShades/ckanext-mailcraft,mailcraft_dashboard
DataShades/ckanext-media,media
DataShades/ckanext-menu,menu
DataShades/ckanext-message,message
DataShades/ckanext-metaexport,metaexport
DataShades/ckanext-metatags,metatags
DataShades/ckanext-midnight-blue-theme,midnight_blue_theme
DataShades/ckanext-mlc-theme,mlc_theme
DataShades/ckanext-mlc-theme,mlc_theme_override
DataShades/ckanext-msal,msal
DataShades/ckanext-nswdesignsystem,nswdesignsystem
DataShades/ckanext-oidc-pkce,oidc_pkce
DataShades/ckanext-ondc,ondc
DataShades/ckanext-ondc,ondc_dataset_example
DataShades/ckanext-or_facet,or_facet
DataShades/ckanext-orcid,orcid
DataShades/ckanext-parquet,parquet_view
DataShades/ckanext-permissions,permissions
DataShades/ckanext-permissions,permissions_manager
DataShades/ckanext-pygments,pygments_view
DataShades/ckanext-recaptcha,recaptcha
DataShades/ckanext-recommendation,recommendation
DataShades/ckanext-resource-docs,resource_docs
DataShades/ckanext-resource_indexer,json_resource_indexer
DataShades/ckanext-resource_indexer,pdf_resource_indexer
DataShades/ckanext-resource_indexer,plain_resource_indexer
DataShades/ckanext-resource_indexer,resource_indexer
DataShades/ckanext-s3-exporter,s3_exporter
DataShades/ckanext-saml,saml
DataShades/ckanext-scientometrics,scientometrics
DataShades/ckanext-scss,scss
DataShades/ckanext-search-preset,search_preset
DataShades/ckanext-search-preset,search_preset_test
DataShades/ckanext-search-schema,search_schema
DataShades/ckanext-search-tweaks,search_tweaks
DataShades/ckanext-search-tweaks,search_tweaks_advanced_search
DataShades/ckanext-search-tweaks,search_tweaks_field_relevance
DataShades/ckanext-search-tweaks,search_tweaks_query_popularity
DataShades/ckanext-search-tweaks,search_tweaks_query_relevance
DataShades/ckanext-search-tweaks,search_tweaks_spellcheck
DataShades/ckanext-searchfed,searchfed
DataShades/ckanext-selfinfo,selfinfo
DataShades/ckanext-selfinfo,selftools
DataShades/ckanext-selfinfo,selftracking
DataShades/ckanext-shopping-cart,shopping_cart
DataShades/ckanext-sk-demo,sk_demo
DataShades/ckanext-snap,snap
DataShades/ckanext-statsresources,statsresources
DataShades/ckanext-tables,tables
DataShades/ckanext-tables,tables_demo
DataShades/ckanext-textcaptcha,textcaptcha
DataShades/ckanext-thumbnailer,thumbnailer
DataShades/ckanext-toolbelt,toolbelt
DataShades/ckanext-toolbelt,toolbelt_cascade_organization_updates
DataShades/ckanext-toolbelt,toolbelt_composite_groups
DataShades/ckanext-toolbelt,toolbelt_composite_organizations
DataShades/ckanext-toolbelt,toolbelt_devel
DataShades/ckanext-toolbelt,toolbelt_fdt_sqlalchemy
DataShades/ckanext-toolbelt,toolbelt_group_changes
DataShades/ckanext-toolbelt,toolbelt_safe_upload
DataShades/ckanext-transmute,transmute
DataShades/ckanext-twitterview,twitter_view
DataShades/ckanext-vip-portal,vip_portal
DataShades/ckanext-workflow,workflow
DataShades/ckanext-wysiwyg,wysiwyg
DataSpace-Mobility/ckanext-dataspace,dataspace
Dataninja/ckanext-designers_italia,designers_italia
DetroitData/ckanext-detroit-data,detroit_data
Development-Sergai/-ckanext-harvest,ckan_harvester
Development-Sergai/-ckanext-harvest,harvest
Development-Sergai/-ckanext-harvest,test_action_harvester
Development-Sergai/-ckanext-harvest,test_harvester
Development-Sergai/-ckanext-harvest,test_harvester2
Drexel-UHC/ckanext-pagessearch,pagessearch
DvtGutto/ckanext-editor_access,editor_access
EUDAT-B2FIND/ckanext-b2find,b2find
EUDAT-B2FIND/ckanext-datesearch,datesearch
EUDAT-B2FIND/ckanext-oaipmh-server,oaipmh
EUDAT-B2FIND/ckanext-timeline,timeline
Edd-Legend/ckanext-mtcui,mtcui
Edouard-Legoupil/ckanext-unhcr,unhcr
ElixirTeSS/ckanext-tess,admin
ElixirTeSS/ckanext-tess,admin_controller
ElixirTeSS/ckanext-tess,event
ElixirTeSS/ckanext-tess,event_api
ElixirTeSS/ckanext-tess,event_controller
ElixirTeSS/ckanext-tess,group
ElixirTeSS/ckanext-tess,node
ElixirTeSS/ckanext-tess,node_controller
ElixirTeSS/ckanext-tess,organization
ElixirTeSS/ckanext-tess,package
ElixirTeSS/ckanext-tess,tess
ElixirTeSS/ckanext-tess,tessrelations
ElixirTeSS/ckanext-tess,workflow
ElixirTeSS/ckanext-tess,workflow_api
ElixirTeSS/ckanext-tess,workflow_controller
ElixirTeSS/ckanext-tessrelations,tessrelations
Engerrs/ckanext-spatialingestor,spatialingestor
EnviDat/ckanext-cloudstorage_api,cloudstorage_api
EnviDat/ckanext-composite,composite
EnviDat/ckanext-datacite_publication,datacite_publication
EnviDat/ckanext-envidat_schema,envidat_schema
EnviDat/ckanext-envidat_theme,envidat_theme
EnviDat/ckanext-envidat_validators,envidat_validators
EnviDat/ckanext-package_converter,package_converter
EnviDat/ckanext-passwordless,passwordless
EnviDat/ckanext-passwordless_api,passwordless_api
EnviDat/ckanext-restricted,restricted
EnviDat/ckanext-restricted_api,restricted_api
FCSCOpendata/ckanext-fcscopendata,fcscopendata
FuhuXia/ckanext-pgsearch,pgsearch
Fuyutaru/ckanext-zenodo,zenodo
GSA/ckanext-datagovcatalog,datagovcatalog
GSA/ckanext-datagovtheme,datagovtheme
GSA/ckanext-dcat_usmetadata,dcat_usmetadata
GSA/ckanext-extlink,extlink
GSA/ckanext-geodatagov,arcgis_harvester
GSA/ckanext-geodatagov,datagov_harvest
GSA/ckanext-geodatagov,geodatagov
GSA/ckanext-geodatagov,geodatagov_csw_harvester
GSA/ckanext-geodatagov,geodatagov_doc_harvester
GSA/ckanext-geodatagov,geodatagov_geoportal_harvester
GSA/ckanext-geodatagov,geodatagov_waf_harvester
GSA/ckanext-geodatagov,s3test
GSA/ckanext-geodatagov,waf_harvester_collection
GSA/ckanext-googleanalyticsbasic,googleanalyticsbasic
GSA/ckanext-metrics_dashboard,metrics_dashboard
GSA/ckanext-react_usmetadata,react_usmetadata
GSA/ckanext-saml2,saml2
GSA/ckanext-usmetadata,usmetadata
GenomicDataInfrastructure/gdi-userportal-ckanext-gdi-userportal,gdi_userportal
GenomicDataInfrastructure/gdi-userportal-ckanext-gdi-userportal,gdi_userportalharvester
GeoinformationSystems/ckanext-geokurstyle,geokurstyle
GeoinformationSystems/ckanext-klimakonform,klimakonform
GovDataOfficial/ckanext-dcatde,dcatde
GovDataOfficial/ckanext-dcatde,dcatde_rdf_harvester
GovDataOfficial/ckanext-searchindexhook,search_index_hook
Gpdos/ckanext-inferiafrontend,inferiafrontend
GreaterLondonAuthority/dfl-ckanext,gla
GreaterLondonAuthority/dfl-ckanext-havester,ceda_harvester
GreaterLondonAuthority/dfl-ckanext-havester,datapress_harvester
GreaterLondonAuthority/dfl-ckanext-havester,fingertips_harvester
GreaterLondonAuthority/dfl-ckanext-havester,instantatlas_harvester
GreaterLondonAuthority/dfl-ckanext-havester,laep_harvester
GreaterLondonAuthority/dfl-ckanext-havester,nomis_localauthprofile
GreaterLondonAuthority/dfl-ckanext-havester,openclim_harvester
GreaterLondonAuthority/dfl-ckanext-havester,redbridge_harvester
GreaterLondonAuthority/dfl-ckanext-havester,soda_harvester
GreaterLondonAuthority/dfl-ckanext-havester,tflopen_harvester
GreaterLondonAuthority/dfl-ckanext-havester,tflunified_harvester
GreaterLondonAuthority/dfl-ckanext-havester,ukpn_harvester
GreaterLondonAuthority/dfl-ckanext-pages,pages
GreaterLondonAuthority/dfl-ckanext-pages,textboxview
HELIX-GR/ckanext-helixtheme,helix_theme
HHS/ckanext-datajson,cmsdatanav_harvest
HHS/ckanext-datajson,datajson
HHS/ckanext-datajson,datajson_harvest
Helsingin-kaupungin-tietokeskus/ckanext-hrifi,hri_organization
Helsingin-kaupungin-tietokeskus/ckanext-hrifi,hri_wordpress_auth
Helsingin-kaupungin-tietokeskus/ckanext-hrifi,hrifi
Helsingin-kaupungin-tietokeskus/ckanext-multiedit,multiedit
Honlan/ckanext-mytheme,mytheme
IATI/ckanext-iati,iati_datasets
IATI/ckanext-iati,iati_publishers
IATI/ckanext-iati,iati_theme
ISITBODIK/ckanext-bodik_theme,bodik_theme
Improvement-Service/ckanext-geoserver_web_service,geoserver_webservice
Improvement-Service/ckanext-wfs_checker,wfs_checker
In-For-Disaster-Analytics/ckanext-tacc_theme,tacc_theme
JVickery-TBS/ckanext-dev-theme,dev_theme
JVickery-TBS/ckanext-dev-theme,local_development_theme
JVickery-TBS/ckanext-development,development
JVickery-TBS/ckanext-development,local_development
JVickery-TBS/ckanext-ds-formats,ds_formats
JiscSD/ckanext-cookie-banner,cookie_banner
JiscSD/ckanext-customised_fields_from_tag_vocabulary,customised_fields_from_tag_vocabulary
JiscSD/ckanext-dataset_geo_display,dataset_geo_display
JiscSD/ckanext-matomo-js,matomo_js
JiscSD/ckanext-ukds_custom_dcat_profiles,ukds_custom_dcat_profiles
JiscSD/ckanext-ukdstheme,ukdstheme
JoNoteJoMaMa/ckanext-statscharts,statscharts
JoseSalgado1024/ckanext-needupdate,needupdate
L-Har/ckanext-wms,scryfall
L-Har/ckanext-wms,wms_viewer
LorenzBuehmann/ckanext-odp-le-profile,odp_le_dcatapde
MaDiPHS/ckanext-madiphstheming,madiphs_theme
MaDiPHS/ckanext-madiphstheming,madiphstheming
MandanaMoshref/ckanext-lhm,lhm
MandanaMoshref/ckanext-lhm,lhm_theme
MandanaMoshref/ckanext-userautoaddgroup,userautoaddgroup
MarijaKnezevic/ckanext-scheme-sddi,scheme_sddi
MarijaKnezevic/ckanext-theme-sddi,theme_sddi
Marine-SABRES/ckanext-marine-sabres-theme,marine_sabres_theme
Marvell-Consulting/ckanext-nhs-theme,nhs_theme
Mat-O-Lab/ckanext-chat,chat
Mat-O-Lab/ckanext-csvtocsvw,csvtocsvw
Mat-O-Lab/ckanext-csvwmapandtransform,csvwmapandtransform
Mat-O-Lab/ckanext-matolabtheme,matolabtheme
MrMedAli/ckanext-long,long
N-Krenn/ckanext-linkorgs,linkorgs
NCCR-AntiResist/ckanext-antiresist-catalog-theme,antiresist_catalog_theme
NIED-DIR/ckanext-sip4d,sip4d_arcgis_harvest
NIED-DIR/ckanext-sip4d,sip4ddata
NIED-DIR/ckanext-sip4d,sip4dharvest
NIED-DIR/ckanext-sip4d,sip4dview
Nateem/ckanext-reqform,reqform
NaturalHistoryMuseum/ckanext-attribution,attribution
NaturalHistoryMuseum/ckanext-ckanpackager,ckanpackager
NaturalHistoryMuseum/ckanext-contact,contact
NaturalHistoryMuseum/ckanext-datasolr,datasolr
NaturalHistoryMuseum/ckanext-dataspatial,dataspatial
NaturalHistoryMuseum/ckanext-dev,dev
NaturalHistoryMuseum/ckanext-doi,doi
NaturalHistoryMuseum/ckanext-gallery,gallery
NaturalHistoryMuseum/ckanext-gallery,gallery_iiif
NaturalHistoryMuseum/ckanext-gallery,gallery_image
NaturalHistoryMuseum/ckanext-gbif,gbif
NaturalHistoryMuseum/ckanext-graph,graph
NaturalHistoryMuseum/ckanext-iiif,iiif
NaturalHistoryMuseum/ckanext-ldap,ldap
NaturalHistoryMuseum/ckanext-list,list
NaturalHistoryMuseum/ckanext-map,tiledmap
NaturalHistoryMuseum/ckanext-nhm,nhm
NaturalHistoryMuseum/ckanext-query-dois,query_dois
NaturalHistoryMuseum/ckanext-sketchfab,sketchfab
NaturalHistoryMuseum/ckanext-solr-heatmap,solr_heatmap
NaturalHistoryMuseum/ckanext-status,status
NaturalHistoryMuseum/ckanext-twitter,twitter
NaturalHistoryMuseum/ckanext-userdatasets,userdatasets
NaturalHistoryMuseum/ckanext-versioned-datastore,versioned_datastore
NaturalHistoryMuseum/ckanext-versioned-tiledmap,versioned_tiledmap
NaturalHistoryMuseum/ckanext-video,video
NaturalHistoryMuseum/ckanext-webview,webview
NextGeoss/ckanext-admintools,admintools
NextGeoss/ckanext-kpis,kpis
NextGeoss/ckanext-nextgeoss,nextgeoss
NextGeoss/ckanext-nextgeossharvest,cgss1
NextGeoss/ckanext-nextgeossharvest,cmems
NextGeoss/ckanext-nextgeossharvest,deimosimg
NextGeoss/ckanext-nextgeossharvest,ebas
NextGeoss/ckanext-nextgeossharvest,ebvs
NextGeoss/ckanext-nextgeossharvest,energydata
NextGeoss/ckanext-nextgeossharvest,epos
NextGeoss/ckanext-nextgeossharvest,esa
NextGeoss/ckanext-nextgeossharvest,foodsecurity
NextGeoss/ckanext-nextgeossharvest,fsscat
NextGeoss/ckanext-nextgeossharvest,gdacs
NextGeoss/ckanext-nextgeossharvest,glass_lai
NextGeoss/ckanext-nextgeossharvest,gome2
NextGeoss/ckanext-nextgeossharvest,itag
NextGeoss/ckanext-nextgeossharvest,landsaf
NextGeoss/ckanext-nextgeossharvest,landsat8
NextGeoss/ckanext-nextgeossharvest,meloa
NextGeoss/ckanext-nextgeossharvest,modis
NextGeoss/ckanext-nextgeossharvest,nextgeossharvest
NextGeoss/ckanext-nextgeossharvest,noa_epidemics
NextGeoss/ckanext-nextgeossharvest,noa_geobservatory
NextGeoss/ckanext-nextgeossharvest,noa_groundsegment
NextGeoss/ckanext-nextgeossharvest,oscar
NextGeoss/ckanext-nextgeossharvest,plan4all
NextGeoss/ckanext-nextgeossharvest,probav
NextGeoss/ckanext-nextgeossharvest,saeon
NextGeoss/ckanext-nextgeossharvest,satcenbetter
NextGeoss/ckanext-nextgeossharvest,scent
NextGeoss/ckanext-nextgeossharvest,simocean
NextGeoss/ckanext-nextgeossharvest,vito
NextGeoss/ckanext-opensearch,opensearch
NextGeoss/ckanext-orleans,orleans
NextGeoss/ckanext-pilotextract,pilotextract
NicolaiLolansen/ckanext-cprvalidation,cprvalidation
NicolaiLolansen/ckanext-updatedatastore,updatedatastore
NicolaiLolansen/ckanext-updatetracking,updatetracking
Nithyavasudevan/ckanext-glasgow,ec_changelog_harvester
Nithyavasudevan/ckanext-glasgow,ec_initial_harvester
Nithyavasudevan/ckanext-glasgow,glasgow_harvest
Nithyavasudevan/ckanext-glasgow,glasgow_schema
NorwegianRefugeeCouncil/ckanext-api-tracking,api_tracking
NuCivic/ckanext-cmap,cmap_auth_functions
NuCivic/ckanext-cmap,cmap_configurer
NuCivic/ckanext-cmap,cmap_dataset_form
NuCivic/ckanext-cmap,cmap_helpers
NuCivic/ckanext-cmap,cmap_organization_form
NuCivic/ckanext-cmap,cmap_package_controller
NuCivic/ckanext-cmap,cmap_routing
OCHA-DAP/ckanext-api_token_notifications,api_token_notifications
OCHA-DAP/ckanext-powerview,powerview
ODCambodia/ckanext-lp_theme,lp_theme
OihaneGomez/ckanext-auroral_theme,auroral_theme
Onestringlab/-ckanext-datasetapproval,dataset_approval
Onestringlab/ckanext-harvestapi,harvestapi
OpenDataCordoba/ckanext-odc,odc
OpenDataGIS/ckanext-bne,bne
OpenDataGIS/ckanext-facet_scheming,facet_scheming
OpenDataGIS/ckanext-fototeca,fototeca
OpenDataGIS/ckanext-fototeca,fototeca_ckan_harvester
OpenDataGIS/ckanext-fototeca,fototeca_postgres_harvester
OpenDataGIS/ckanext-miteco,miteco
OpenDataGIS/ckanext-miteco,miteco_csw_harvester
OpenDataGIS/ckanext-template_theme,iepnb
OpenDataNode/ckanext-storage-admin,storage_admin
OpenDataPortal-AT/ckanext-odpat,odpat
OpenDevelopmentMekong/ckanext-odm_agreement,odm_agreement
OpenDevelopmentMekong/ckanext-odm_dataset,odm_dataset
OpenDevelopmentMekong/ckanext-odm_laws,odm_laws
OpenDevelopmentMekong/ckanext-odm_library,odm_library
OpenDevelopmentMekong/ckanext-odm_nav,odm_nav
OpenDevelopmentMekong/ckanext-url_shorten,url_shorten
OpenGov-OpenData/ckanext-ai-assistants,dq_assistant
OpenGov-OpenData/ckanext-bostonschema,boston_schema
OpenGov-OpenData/ckanext-cartodbmap,cartodbmap
OpenGov-OpenData/ckanext-castate_od_schema,custom_schema
OpenGov-OpenData/ckanext-chhs_schema,chhs_schema
OpenGov-OpenData/ckanext-cnra_schema,cnra_schema
OpenGov-OpenData/ckanext-cob_theme,cob_theme
OpenGov-OpenData/ckanext-consumer,consumer
OpenGov-OpenData/ckanext-custom-schema,cademo_schema
OpenGov-OpenData/ckanext-custom-schema,fiscal_schema
OpenGov-OpenData/ckanext-custom-schema,nasalsda_schema
OpenGov-OpenData/ckanext-custom-schema,sanjose_schema
OpenGov-OpenData/ckanext-custom_harvest,custom_harvest
OpenGov-OpenData/ckanext-custom_harvest,datagov_harvester
OpenGov-OpenData/ckanext-custom_harvest,package_search_harvester
OpenGov-OpenData/ckanext-datasetpermissioning,datasetpermissioning
OpenGov-OpenData/ckanext-discourse,discourse
OpenGov-OpenData/ckanext-extensionstheme,extensions_theme
OpenGov-OpenData/ckanext-harvestnotification,harvest_notification
OpenGov-OpenData/ckanext-heroslider,heroslider
OpenGov-OpenData/ckanext-heroslideradmin,heroslideradmin
OpenGov-OpenData/ckanext-in_app_reporting,in_app_reporting
OpenGov-OpenData/ckanext-in_app_reporting,metabase_card_view
OpenGov-OpenData/ckanext-in_app_reporting,metabase_dashboard_view
OpenGov-OpenData/ckanext-markdown_view,markdown_view
OpenGov-OpenData/ckanext-observability,opengov_observability
OpenGov-OpenData/ckanext-og_datatablesview,og_datatables_datefilter_view
OpenGov-OpenData/ckanext-og_datatablesview,og_datatables_view
OpenGov-OpenData/ckanext-opendata_theme,bostonma_theme
OpenGov-OpenData/ckanext-opendata_theme,cademo_theme
OpenGov-OpenData/ckanext-opendata_theme,chhs_theme
OpenGov-OpenData/ckanext-opendata_theme,cnra_theme
OpenGov-OpenData/ckanext-opendata_theme,idaho_theme
OpenGov-OpenData/ckanext-opendata_theme,illinoistreasurer_theme
OpenGov-OpenData/ckanext-opendata_theme,milwaukeewi_theme
OpenGov-OpenData/ckanext-opendata_theme,newarknj_theme
OpenGov-OpenData/ckanext-opendata_theme,oklahoma_theme
OpenGov-OpenData/ckanext-opendata_theme,opengov_custom_css
OpenGov-OpenData/ckanext-opendata_theme,opengov_custom_footer
OpenGov-OpenData/ckanext-opendata_theme,opengov_custom_header
OpenGov-OpenData/ckanext-opendata_theme,opengov_custom_homepage
OpenGov-OpenData/ckanext-opendata_theme,opengov_custom_theme
OpenGov-OpenData/ckanext-opendata_theme,phoenixaz_theme
OpenGov-OpenData/ckanext-opendata_theme,sanantoniotx_theme
OpenGov-OpenData/ckanext-opendata_theme,sugarland_theme
OpenGov-OpenData/ckanext-opendata_theme,virginia_theme
OpenGov-OpenData/ckanext-portalmetrics,portal_metrics
OpenGov-OpenData/ckanext-virginia_schema,virginia_schema
OpenGovDataMirror/A_gsa_ckanext-archiver,archiver
OpenGovDataMirror/A_gsa_ckanext-archiver,testipipe
OpenGovDataMirror/A_gsa_ckanext-datagovtheme,datagovtheme
OpenGovDataMirror/A_gsa_ckanext-datajson,cmsdatanav_harvest
OpenGovDataMirror/A_gsa_ckanext-datajson,datajson
OpenGovDataMirror/A_gsa_ckanext-datajson,datajson_harvest
OpenGovDataMirror/A_gsa_ckanext-datajson,datajson_validator
OpenGovDataMirror/A_gsa_ckanext-dcat_usmetadata,dcat_usmetadata
OpenGovDataMirror/A_gsa_ckanext-extlink,extlink
OpenGovDataMirror/A_gsa_ckanext-fulltext,inforeg_solr_search
OpenGovDataMirror/A_gsa_ckanext-ga-report,ga-report
OpenGovDataMirror/A_gsa_ckanext-geodatagov,arcgis_harvester
OpenGovDataMirror/A_gsa_ckanext-geodatagov,datagov_harvest
OpenGovDataMirror/A_gsa_ckanext-geodatagov,geodatagov
OpenGovDataMirror/A_gsa_ckanext-geodatagov,geodatagov_csw_harvester
OpenGovDataMirror/A_gsa_ckanext-geodatagov,geodatagov_doc_harvester
OpenGovDataMirror/A_gsa_ckanext-geodatagov,geodatagov_geoportal_harvester
OpenGovDataMirror/A_gsa_ckanext-geodatagov,geodatagov_miscs
OpenGovDataMirror/A_gsa_ckanext-geodatagov,geodatagov_waf_harvester
OpenGovDataMirror/A_gsa_ckanext-geodatagov,s3test
OpenGovDataMirror/A_gsa_ckanext-geodatagov,waf_harvester_collection
OpenGovDataMirror/A_gsa_ckanext-geodatagov,z3950_harvester
OpenGovDataMirror/A_gsa_ckanext-googleanalyticsbasic,googleanalyticsbasic
OpenGovDataMirror/A_gsa_ckanext-harvest,ckan_harvester
OpenGovDataMirror/A_gsa_ckanext-harvest,harvest
OpenGovDataMirror/A_gsa_ckanext-metrics_dashboard,metrics_dashboard
OpenGovDataMirror/A_gsa_ckanext-qa,qa
OpenGovDataMirror/A_gsa_ckanext-react_usmetadata,react_usmetadata
OpenGovDataMirror/A_gsa_ckanext-saml2,saml2
OpenGovDataMirror/A_gsa_ckanext-security,security
OpenGovDataMirror/A_gsa_ckanext-spatial,csw_harvester
OpenGovDataMirror/A_gsa_ckanext-spatial,doc_harvester
OpenGovDataMirror/A_gsa_ckanext-spatial,gemini_csw_harvester
OpenGovDataMirror/A_gsa_ckanext-spatial,gemini_doc_harvester
OpenGovDataMirror/A_gsa_ckanext-spatial,gemini_waf_harvester
OpenGovDataMirror/A_gsa_ckanext-spatial,spatial_harvest_metadata_api
OpenGovDataMirror/A_gsa_ckanext-spatial,spatial_metadata
OpenGovDataMirror/A_gsa_ckanext-spatial,spatial_query
OpenGovDataMirror/A_gsa_ckanext-spatial,waf_harvester
OpenGovDataMirror/A_gsa_ckanext-usmetadata,usmetadata
OpenTransportDataProject/ckanext-sintef,datanorge_harvester
OpenTransportDataProject/ckanext-sintef,geonorge_harvester
OpenUpSA/ckanext-discourse-sso,discourse-sso
OriHoch/ckanext-file_uploader_ui,file_uploader_ui
OriHoch/ckanext-upload_via_email,upload_via_email
PacificCommunity/ckanext-spc-pdh,dotstat_datastore
PacificCommunity/ckanext-spc-pdh,spc
PacificCommunity/ckanext-spc-pdh,spc_dkan_harvester
PacificCommunity/ckanext-spc-pdh,spc_dotstat_harvester
PacificCommunity/ckanext-spc-pdh,spc_gbif_harvester
PacificCommunity/ckanext-spc-pdh,spc_gem_lib_harvester
PacificCommunity/ckanext-spc-pdh,spc_nada_harvester
PacificCommunity/ckanext-spc-pdh,spc_oaipmh_harvester
PacificCommunity/ckanext-spc-pdh,spc_pacgeo_harvester
PacificCommunity/ckanext-spc-pdh,spc_prdr_publications_harvester
PacificCommunity/ckanext-spc-pdh,spc_prdr_res_energy_harvester
PacificCommunity/ckanext-spc-pdh,spc_sprep_harvester
PacificCommunity/ckanext-spc-pdh,spc_user
Patrick1Rhode/ckanext-scheming_iso19115,scheming_iso19115
Pooya-Oladazimi/ckanext-my-first-cool-extension,my_cool_new_plugin
Pooya-Oladazimi/ckanext-my-first-cool-extension,my_cool_second_plugin
PopulateTools/ckanext-topics,topics
Psykar/ckanext-aaf,aaf
Psykar/ckanext-ands,ands
PublicaMundi/ckanext-helloresource,helloresource
PublicaMundi/ckanext-helloworld,helloworld_dataset
PublicaMundi/ckanext-interlinking,recline_interlinking
PublicaMundi/ckanext-publicamundi,publicamundi_analytics
PublicaMundi/ckanext-publicamundi,publicamundi_dataset
PublicaMundi/ckanext-publicamundi,publicamundi_errorware
PublicaMundi/ckanext-publicamundi,publicamundi_geodata_theme
PublicaMundi/ckanext-publicamundi,publicamundi_multilingual_dataset
PublicaMundi/ckanext-publicamundi,publicamundi_package
PublicaMundi/ckanext-publicamundi,publicamundi_raster
PublicaMundi/ckanext-publicamundi,publicamundi_vector
PublicaMundi/ckanext-vectorstorer,vectorstorer
Quatral/ckanext-contact_us,contact_us_plugin
Quatral/ckanext-vds,vds
REACH-Incubator/ckanext-REACH_theme,reach_theme
REEEP/ckanext-climate-tagger,climate_tagger
RTIInternational/ckanext-advancedauth,advancedauth
RTIInternational/ckanext-searchterms,searchterms
RTIInternational/ckanext-searchterms,searchterms_mock_plugin
RTIInternational/ckanext-summarystats,summarystats
RTIInternational/ckanext-summarystats,summarystats_mock_plugin
RadoRado/ckanext-extrafields,extrafields
Randbee/ckanext-aquacross_metadata,aquacross_metadata
Randbee/ckanext-ponderful_theme,ponderful_theme
RedCiudadana/ckanext-cr-theme,cr_theme
RedCiudadana/ckanext-hn-theme,hn_theme
RedCiudadana/ckanext-minfin-theme,minfin_theme
RedCiudadana/ckanext-segeplan-theme,segeplan_theme
SAEONData/ckanext-accesscontrol,openidconnect
SAEONData/ckanext-accesscontrol,roles
SAEONData/ckanext-jsonpatch,jsonpatch
SAERI-Datacenter/ckanext-saerischema,saerischema
SAERI-Datacenter/ckanext-saeritheme,saeritheme
SDM-TIB/ckanext-Code2NB,Code2NB
SDM-TIB/ckanext-advancedstats,advancedstats
SDM-TIB/ckanext-datacomparison,datacomparison_explorer_view
SDM-TIB/ckanext-datacomparison,datacomparison_view
SDM-TIB/ckanext-datasetimporter,datasetimporter
SDM-TIB/ckanext-downloadall,downloadall
SDM-TIB/ckanext-email_notify,email_notify
SDM-TIB/ckanext-falcon,falcon
SDM-TIB/ckanext-fedorkg,fedorkg
SDM-TIB/ckanext-graphviewer,graph_viewer
SDM-TIB/ckanext-iam4nfdi,iam4nfdi
SDM-TIB/ckanext-jupyternotebook,jupyternotebook
SDM-TIB/ckanext-kgcreation,kgcreation
SDM-TIB/ckanext-ldm_schema,ldm_schema
SDM-TIB/ckanext-ldm_schema,scheming_tibupdateresources
SDM-TIB/ckanext-theme_ldm_tib,TIBtheme
SEAMWARE/ckanext-dsif,dsif
SEAMWARE/ckanext-ngsild,ngsild
SEAMWARE/ckanext-oidc4vc,oidc4vc
SEAMWARE/ckanext-tmforum,tmforum
SENATICS/ckanext-opendatagovpy,opendatagovpy_dataset
SENATICS/ckanext-opendatagovpy,opendatagovpy_resource
SENATICS/ckanext-opendatagovpy,opendatagovpy_theme
SENATICS/ckanext-opendatagovpy,openness
SENATICS/ckanext-opendatagovpy,paraguay_harvester
SFB-ELAINE/ckanext-papaya,papaya
SFB-ELAINE/ckanext-paraview,paraview
SICTIAM/ckanext-resource-location,location
SeemsOdd/ckanext-data-requests,data_requests
SenseTecnic/ckanext-wotkit,wotkit
Skitionek/ckanext-native-cloud-storage,native_cloud_storage
SmdhMdep/ckanext-datasci-sharing,datasci_sharing
SmdhMdep/ckanext-falkor2,falkor
SmdhMdep/ckanext-generalpublic,generalpublic
SmdhMdep/ckanext-granularvisibility,granularvisibility
SmdhMdep/ckanext-smdh,smdh
SmdhMdep/ckanext-smdh,smdh_dataset_form
SmdhMdep/ckanext-smdh,smdh_group_form
SmdhMdep/ckanext-taglist,taglist
SmdhMdep/ckanext-usertracking,usertracking
TIBHannover/ckanext-Dataset-Reference,dataset_reference
TIBHannover/ckanext-Semantic-Media-Wiki,machine_link
TIBHannover/ckanext-Semantic-Media-Wiki,protocol_link
TIBHannover/ckanext-Semantic-Media-Wiki,sample_link
TIBHannover/ckanext-bioschemaharvester,bioschemaharvester
TIBHannover/ckanext-bioschemaharvester,chemotionharvester
TIBHannover/ckanext-bioschemaharvester,nmrxivharvester
TIBHannover/ckanext-cancel-dataset-creation,cancel_dataset_creation
TIBHannover/ckanext-close-for-guests,close_for_guests
TIBHannover/ckanext-crc-trr-298,trr_298
TIBHannover/ckanext-crc1153,crc1153_dcat_profile
TIBHannover/ckanext-crc1153,crc1153_layout
TIBHannover/ckanext-crc1153,crc1153_search
TIBHannover/ckanext-crc1153,crc1153_specific_metadata
TIBHannover/ckanext-crc1153,crc1153_system_stats
TIBHannover/ckanext-crc1368,crc1368_layout
TIBHannover/ckanext-crc1368,crc1369_system_stats
TIBHannover/ckanext-custom-dataset-metadata,custom_dataset_type
TIBHannover/ckanext-data-comparision,data_comparision
TIBHannover/ckanext-data-comparison,data_comparision
TIBHannover/ckanext-dataset-metadata-automation,dataset_metadata_automation
TIBHannover/ckanext-dataset-transfer,dataset_transfer
TIBHannover/ckanext-dcatapcrc,dcat_crc
TIBHannover/ckanext-dwgviewer,dwgviewer
TIBHannover/ckanext-email-notification,email_notification
TIBHannover/ckanext-feature-image,feature_image
TIBHannover/ckanext-footer,footer
TIBHannover/ckanext-footer,monthly_counts_admin
TIBHannover/ckanext-harvester4chem,bioschemaharvester
TIBHannover/ckanext-harvester4chem,chemotionharvester
TIBHannover/ckanext-harvester4chem,dataverse_harvester
TIBHannover/ckanext-harvester4chem,harvester4chem
TIBHannover/ckanext-harvester4chem,nmrxivharvester
TIBHannover/ckanext-harvester4chem,oaipmh_dc_harvester
TIBHannover/ckanext-harvester4chem,oaipmh_harvester
TIBHannover/ckanext-multiuploader,multiuploader
TIBHannover/ckanext-oai-jsonld-harvester,massbankharvester
TIBHannover/ckanext-organization-group,organization_group
TIBHannover/ckanext-rdkit-visuals,rdkit_visuals
TIBHannover/ckanext-relationship,relationship
TIBHannover/ckanext-resource-custom-metadata,resource_custom_metadata
TIBHannover/ckanext-sfb-search,auto_tag
TIBHannover/ckanext-sfb-search,sfb_search
TIBHannover/ckanext-sfb-search-extension,auto_tag
TIBHannover/ckanext-sfb-search-extension,sfb_search
TIBHannover/ckanext-system-stats,system_stats
TIBHannover/ckanext-theme4chem,statictheme
TIBHannover/ckanext-theme4chem,statictheme
TIBHannover/ckanext-tif-imageview,tif_imageview
TIBHannover/ckanext-upgrade-dataset,media_wiki
TIBHannover/ckanext-user-manual,user_manual
TIBHannover/ckanext-videoviewer,videoviewer
TIBHannover/ckanext_sfb_layout,sfb_layout
TerriaJS/ckanext-terria_view,terria_view
TkTech/ckanext-cloudstorage,cloudstorage
TkTech/ckanext-link,link
TkTech/ckanext-search-export,search_export
Trusts-eu/ckanext-ids,ids
Trusts-eu/ckanext-ids,ids_job
Trusts-eu/ckanext-ids,ids_resources
Trusts-eu/ckanext-ids,trusts_blockchain
Trusts-eu/ckanext-ids,trusts_dev
Trusts-eu/ckanext-ids,trusts_harvester
Trusts-eu/ckanext-ids,trusts_recommender
Trusts-eu/ckanext-vocabularies,vocabularies
UCC-Web-Dev-Team/ckanext-rocdatahub,rocdatahub
UCSUR-Pitt/ckanext-wprdctheme,wprdc
USEPA/ckanext-collaborator_orgs,collaborator_orgs
USEPA/ckanext-linked-storage,linked_storage
USEPA/ckanext-plotly,plotly
USEPA/ckanext-plotly,plotly_explorer
UniBuc-DTD/ckanext-danubius-theme,danubius_theme
UniBuc-DTD/ckanext-erddap-harvester,erddap_harvester
UniBuc-DTD/ckanext-oai-pmh-harvester,oai_pmh_harvester
UoA-eResearch/ckanext-cer,cer
UoA-eResearch/ckanext-external_id,external_id
UoA-eResearch/ckanext-ezid,ezid
ViderumGlobal/ckanext-dataexplorer,dataexplorer
ViderumGlobal/ckanext-ed,ed
VilledeMontreal/ckanext-montreal-archive,montreal
WPRDC/ckanext-legacy-wprdctheme,wprdc
WPRDC/ckanext-spatialdata,spatialdata
Wenze-Zhang/ckanext-filterview,filterview
WilJoey/ckanext-ksgeo,ksgeo
WorldBank-Transport/ckanext-resourcemeta,resourcemeta
XVTSolutions/ckanext-clone,clone
XVTSolutions/ckanext-dsactions,dsactions
XVTSolutions/ckanext-extend_search,extend_search
XVTSolutions/ckanext-metameta,metameta
XVTSolutions/ckanext-reorder,reorder
XVTSolutions/ckanext-review,review
XVTSolutions/ckanext-spatialUI,spatialUI
XVTSolutions/ckanext-suspend,suspend
XVTSolutions/ckanext-trak,trak
XVTSolutions/ckanext-vdojstats,vdojstats
XVTSolutions/ckanext-vdojtheme,vdojtheme
XVTSolutions/ckanext-xvt,xvt
Yesser-GitHub/ckanext-odp,ksa
YourOpenDAta/ckanext-dcatapedp,oaipmh_edp
YourOpenDAta/ckanext-yoda_theme,yoda_theme
abdelrahman146/ckanext-highlighting,highlighting
abgov/ckanext-ab_scheming,ab_scheming
abgov/ckanext-classification,classification
abgov/ckanext-geomapviewer,geomapviewer
abgov/ckanext-open_alberta,datesearch
abgov/ckanext-open_alberta,open_alberta
abgov/ckanext-open_alberta,openalbertapages
abgov/ckanext-open_alberta,rss-feedswidget
abulte/ckanext-countapicalls,countapicalls
adrianfish/ckanext-eismetadatafields,eismetadatafields
adrianfish/ckanext-eismetadatapusher,eismetadatapusher
agmorev/ckanext-apidocs,apidocs
alabs/ckanext-carchi_theme,carchi_theme
alantygel/ckanext-featurednumber,featurednumbers
alantygel/ckanext-semantictags,semantictags
alantygel/ckanext-tagmanager,tagmanager
aleks-iv/ckanext-mltk,mltk
alexandrainst/ckanext-realtime,realtime
alexbyrnes/ckanext-mongodb,mongodb
aliwaqas333/ckanext-kpodp_theme,kpodp_theme
alphagov/ckanext-datagovuk,datagovuk
alphagov/ckanext-datagovuk,datagovuk_publisher_form
alphagov/ckanext-datagovuk,inventory_harvester
amercader/ckanext-embeddings,embeddings
amercader/ckanext-glasgow_theme,glasgow_theme
amercader/ckanext-testext,testext
amirbuldan/ckanext-custom-theme,custom_theme
amirbuldan/ckanext-publikasi,publikasi
anibalpacheco/ckanext-agesic,agesic
anibalpacheco/ckanext-agesic,turismo_harvester
annefou/ckanext-rocrate,rocrate
annefou/ckanext-rocrate,rocrate_theme
annefou/ckanext-signposting,signposting
annefou/ckanext-signposting,signposting_theme
apteksdi/ckanext-schemingdcat,schemingdcat
apteksdi/ckanext-schemingdcat,schemingdcat_ckan_harvester
apteksdi/ckanext-schemingdcat,schemingdcat_datasets
apteksdi/ckanext-schemingdcat,schemingdcat_groups
apteksdi/ckanext-schemingdcat,schemingdcat_organizations
apteksdi/ckanext-schemingdcat,schemingdcat_ows_harvester
apteksdi/ckanext-schemingdcat,schemingdcat_xls_harvester
apteksdi/ckanext-sdbi,sdbi
apteksdi/ckanext-sdi,sdi
aptivate/ckanext-countrygroup,hdx_group
aptivate/ckanext-crisis,hdx_crisis
aptivate/ckanext-datasetthumbnail,datasetthumbnail
aptivate/ckanext-datasetversions,datasetversions
aptivate/ckanext-hdx_package,hdx_analytics
aptivate/ckanext-hdx_package,hdx_chart_views
aptivate/ckanext-hdx_package,hdx_choropleth_map_view
aptivate/ckanext-hdx_package,hdx_geopreview_view
aptivate/ckanext-hdx_package,hdx_key_figures_view
aptivate/ckanext-hdx_package,hdx_package
aptivate/ckanext-hdx_search,hdx_search
aptivate/ckanext-hdx_users,hdx_mail_validate
aptivate/ckanext-hdx_users,hdx_users
aptivate/ckanext-locationgroup,locationgroup
aptivate/ckanext-mapactionevent,mapactionevent
aptivate/ckanext-mapactiongeorss,mapactiongeorss
aptivate/ckanext-mapactionimporter,datasetversions
aptivate/ckanext-mapactionimporter,mapactionimporter
aptivate/ckanext-mapactiontheme,mapactiontheme
aptivate/ckanext-syndicate,syndicate
aptivate/ckanext-userautoadd,userautoadd
aragonopendata/ckanext-iaest,iaest
aragonopendata/ckanext-iaest,iaest_rdf_harvester
aragonopendata/ckanext-oaipmh-unizar,oaipmh_harvester_unizar
armin11/ckanext-transparencyderp,transparencyderp
armphanu/ckanext-dcat-armphanu,dcat
armphanu/ckanext-dcat-armphanu,dcat_json_harvester
armphanu/ckanext-dcat-armphanu,dcat_json_interface
armphanu/ckanext-dcat-armphanu,dcat_rdf_harvester
armphanu/ckanext-dcat-armphanu,dcat_xml_harvester
armphanu/ckanext-dcat-armphanu,structured_data
armphanu/ckanext-dcat-armphanu,test_rdf_exception_harvester
armphanu/ckanext-dcat-armphanu,test_rdf_harvester
armphanu/ckanext-dcat-armphanu,test_rdf_null_harvester
armphanu/ckanext-dga-stats-armphanu,dga_stats
armphanu/ckanext-hierarchy-armphanu,hierarchy_display
armphanu/ckanext-hierarchy-armphanu,hierarchy_form
armphanu/ckanext-hierarchy-armphanu,hierarchy_group_form
armphanu/ckanext-pdfview-armphanu,pdf_view
armphanu/ckanext-scheming-armphanu,scheming_datasets
armphanu/ckanext-scheming-armphanu,scheming_groups
armphanu/ckanext-scheming-armphanu,scheming_nerf_index
armphanu/ckanext-scheming-armphanu,scheming_organizations
armphanu/ckanext-scheming-armphanu,scheming_test_plugin
armphanu/ckanext-scheming-armphanu,scheming_test_subclass
armphanu/ckanext-thai-gdc-armphanu,thai_gdc
armphanu/ckanext-xloader-armphanu,xloader
asc-csa/ckanext-asc-csa,csa
asc-csa/ckanext-asc-csa-scheming,scheming_datasets
asc-csa/ckanext-asc-csa-scheming,scheming_groups
asc-csa/ckanext-asc-csa-scheming,scheming_organizations
asc-csa/ckanext-asc-csa-scheming,scheming_test_plugin
asc-csa/ckanext-asc-csa-scheming,scheming_test_subclass
avdata99/ckanext-google_drive_import,google_drive_import
awi-response/ckanext-apgc_theme,apgc_theme
awi-response/ckanext-ifacets,ifacets
azavea/ckanext-odp_theme,odp_theme
b-weintraub/ckanext-stac,stac_harvester
bcgov/ckanext-bcgov,edc_app
bcgov/ckanext-bcgov,edc_dataset
bcgov/ckanext-bcgov,edc_geo
bcgov/ckanext-bcgov,edc_ngeo
bcgov/ckanext-bcgov,edc_webservice
bcgov/ckanext-bcgov-disqus,edc_disqus
bcgov/ckanext-bcgov-schema,bcgov_schema
bcgov/ckanext-edc-rss,edc_rss
bcgov/ckanext-galileo,galileo
bcgov/ckanext-openapiviewer,openapi_view
bcgov/ckanext-sso,sso
belgium-its-steering-committee/ckanext-benap,benap
belgium-its-steering-committee/ckanext-benap-harvesters,benap_ckan_harvester
belgium-its-steering-committee/ckanext-benap-harvesters,benap_dcat_harvester
belgium-its-steering-committee/ckanext-benap-harvesters,benap_harvesters
belgium-its-steering-committee/ckanext-dcat-be-napits,dcat_be_napits
belgium-its-steering-committee/ckanext-mailchimp,mailchimp
belgium-its-steering-committee/ckanext-ytp-request-for-ckan2.8.x,ytp_request
benjwadams/ckanext-metocean-keywords,metocean_keywords
benjwadams/ckanext-temporal,example_iauthfunctions
benscott/ckanext-cacheapi,cacheapi
berlinonline/ckanext-berlin,berlin
berlinonline/ckanext-berlin_dataset_schema,berlin_dataset_schema
berlinonline/ckanext-berlinauth,berlinauth
berlinonline/ckanext-berlintheme,berlintheme
berlinonline/ckanext-datasetsnippets,datasetsnippets
berlinonline/ckanext-dcatde_berlin,dcatde_berlin
berlinonline/ckanext-fisbroker,dummyharvest
berlinonline/ckanext-fisbroker,fisbroker
berlinonline/ckanext-fisbroker,fisbroker_harvester
berlinonline/ckanext-validationapi,validationapi
berlinonline/ckanext-validationapi,weird_validators
bertvannuffelen/ckanext-odvl,geopunt_harvester
bertvannuffelen/ckanext-odvl,odvl_extension
bhavin2897/ckanext-chemstructure_search,chemstructure_search
bhavin2897/ckanext-hidepremissions,hidepremissions
bhavin2897/ckanext-md_comp_layout,md_comp_layout
bhavin2897/ckanext-oai_metadataschema,oai_metadataschema
bhavin2897/ckanext-related_resources,related_resources
bhavin2897/ckanext-wikidata,wikidata
blagojabozinovski/ckanext-chat-widget,chat_widget
boxkite/ckanext-donneesqctheme,donneesqc_extrapages
boxkite/ckanext-donneesqctheme,donneesqc_orgs
boxkite/ckanext-donneesqctheme,donneesqc_package
boxkite/ckanext-donneesqctheme,donneesqc_theme
boykoc/ckanext-adal,adal
brede9ray/ckanext,hidegroups
brunoqs/ckanext-ufla,ufla
bv-forest-research/ckanext-sipex,sipex
bvcentre/ckanext-bvrc_theme,bvrc_theme
camptocamp/ckanext-theme,theme
canhdc/ckanext-library,canada_libraries
cbgaindia/ckanext-budgetviz,groupbarchart_munc
cbgaindia/ckanext-budgetviz,timeseries_ipfs
cbgaindia/ckanext-budgetviz,timeseries_rbi
cbgaindia/ckanext-budgetviz,timeseries_union
cbgaindia/ckanext-budgetviz,unionbudget_exp
cbgaindia/ckanext-openbudgetsin_theme,featuredviews
cbgaindia/ckanext-openbudgetsin_theme,hierarchy_display
cbgaindia/ckanext-openbudgetsin_theme,hierarchy_form
cbgaindia/ckanext-openbudgetsin_theme,openbudgetsin_theme
ccancellieri/ckanext-jsonschema,harvester_iso19139
ccancellieri/ckanext-jsonschema,jsonschema
ccancellieri/ckanext-jsonschema,jsonschema_dataset
ccancellieri/ckanext-jsonschema,jsonschema_frictionless
ccancellieri/ckanext-jsonschema,jsonschema_iso
ccancellieri/ckanext-jsonschema,jsonschema_stac
ccancellieri/ckanext-publisher,publisher
ccancellieri/ckanext-scheming_dcat,scheming_dcat
ccancellieri/ckanext-terriajs,terriajs
ccca-dc/ckanext-basket,basket
ccca-dc/ckanext-ccca,ccca
ccca-dc/ckanext-filtersearch,filtersearch
ccca-dc/ckanext-galleryview,gallery_view
ccca-dc/ckanext-handle,handle
ccca-dc/ckanext-iauth,iauth
ccca-dc/ckanext-localimp,localimp
ccca-dc/ckanext-resourceversions,resourceversions
ccca-dc/ckanext-resourceversions,resourceversions_pkg
ccca-dc/ckanext-thredds,thredds
cfpb/ckanext-cfpb-extrafields,ckanext_cfpb_access
cfpb/ckanext-cfpb-extrafields,ckanext_cfpb_export
cfpb/ckanext-cfpb-extrafields,ckanext_cfpb_extrafields
cfpb/ckanext-cfpb-extrafields,ckanext_cfpb_import
cfpb/ckanext-cfpb-extrafields,ckanext_cfpb_ldap_query
cfpb/ckanext-cfpb-extrafields,ckanext_cfpb_sso
chdigiorno/ckanext-gcbaandinotheme,gcbaandinotheme
cioos-atlantic/ckanext-restricted_search,restricted_harvest
cioos-atlantic/ckanext-restricted_search,restricted_harvest_validator
cioos-atlantic/ckanext-restricted_search,restricted_search
cioos-atlantic/ckanext-vitality,vitality
cioos-siooc/ckanext-cioos_harvest,cioos_harvest
cioos-siooc/ckanext-cioos_harvest,ckan_cioos_harvester
cioos-siooc/ckanext-cioos_harvest,ckan_spatial_harvester
cioos-siooc/ckanext-cioos_theme,cioos_group
cioos-siooc/ckanext-cioos_theme,cioos_theme
citylinedata/ckanext-cl,cl
cityofcapetown/ckanext-cct_metadata,cct_metadata
cityofsurrey/ckanext-surrey,surrey
cityofsurrey/ckanext-surrey,surreyextrapages
cityofsurrey/ckanext-surrey,surreyfacet
ciudadanointeligente/ckanext-forms,forms
ciudadanointeligente/ckanext-junar,junar
ckan/ckanext-apihelper,apihelper
ckan/ckanext-archiver,archiver
ckan/ckanext-archiver,testipipe
ckan/ckanext-basiccharts,barchart
ckan/ckanext-basiccharts,basicgrid
ckan/ckanext-basiccharts,linechart
ckan/ckanext-basiccharts,piechart
ckan/ckanext-dashboard,dashboard_preview
ckan/ckanext-datapusherext,datapusherext
ckan/ckanext-dataset-series,dataset_series
ckan/ckanext-datastorer,datastorer
ckan/ckanext-dcat,croissant
ckan/ckanext-dcat,dcat
ckan/ckanext-dcat,dcat_json_harvester
ckan/ckanext-dcat,dcat_json_interface
ckan/ckanext-dcat,dcat_rdf_harvester
ckan/ckanext-dcat,dcat_xml_harvester
ckan/ckanext-dcat,structured_data
ckan/ckanext-dcat,test_rdf_exception_harvester
ckan/ckanext-dcat,test_rdf_harvester
ckan/ckanext-dcat,test_rdf_null_harvester
ckan/ckanext-deadoralive,deadoralive
ckan/ckanext-disqus,disqus
ckan/ckanext-drupal7,drupal7
ckan/ckanext-dsaudit,dsaudit
ckan/ckanext-editable-config,editable_config
ckan/ckanext-envvars,envvars
ckan/ckanext-envvars,mock_envvars_plugin
ckan/ckanext-eurovoc,eurovoc
ckan/ckanext-eurovoc,eurovoc_dataset
ckan/ckanext-excelforms,excelforms
ckan/ckanext-fdt-sqlalchemy,fdt_sqlalchemy
ckan/ckanext-feedgen,feedgen
ckan/ckanext-file-keeper-cloud,file_keeper_cloud
ckan/ckanext-fluent,fluent
ckan/ckanext-googleanalytics,googleanalytics
ckan/ckanext-harvest,ckan_harvester
ckan/ckanext-harvest,harvest
ckan/ckanext-harvest,test_action_harvester
ckan/ckanext-harvest,test_harvester
ckan/ckanext-harvest,test_harvester2
ckan/ckanext-hierarchy,hierarchy_display
ckan/ckanext-hierarchy,hierarchy_form
ckan/ckanext-hierarchy,hierarchy_group_form
ckan/ckanext-intro,intro_plugin
ckan/ckanext-issues,issues
ckan/ckanext-mapviews,choroplethmap
ckan/ckanext-mapviews,navigablemap
ckan/ckanext-oauth2waad,oauth2waad
ckan/ckanext-pages,pages
ckan/ckanext-pages,textboxview
ckan/ckanext-pdfview,pdf_view
ckan/ckanext-persona,persona
ckan/ckanext-pose_ecosystem_catalog,pose_custom_css
ckan/ckanext-pose_ecosystem_catalog,pose_custom_footer
ckan/ckanext-pose_ecosystem_catalog,pose_custom_header
ckan/ckanext-pose_ecosystem_catalog,pose_custom_homepage
ckan/ckanext-pose_ecosystem_catalog,pose_custom_showcase
ckan/ckanext-pose_ecosystem_catalog,pose_theme
ckan/ckanext-qa,qa
ckan/ckanext-repo,repo_info
ckan/ckanext-report,report
ckan/ckanext-report,tagless_report
ckan/ckanext-rq,rq
ckan/ckanext-s3archive,s3archive
ckan/ckanext-scheming,scheming_datasets
ckan/ckanext-scheming,scheming_groups
ckan/ckanext-scheming,scheming_nerf_index
ckan/ckanext-scheming,scheming_organizations
ckan/ckanext-scheming,scheming_test_plugin
ckan/ckanext-scheming,scheming_test_subclass
ckan/ckanext-scheming,scheming_test_validation
ckan/ckanext-search,search
ckan/ckanext-search,search_elasticsearch
ckan/ckanext-search,search_solr
ckan/ckanext-search,search_spatial
ckan/ckanext-searchhistory,search_history
ckan/ckanext-showcase,showcase
ckan/ckanext-spatial,csw_harvester
ckan/ckanext-spatial,doc_harvester
ckan/ckanext-spatial,gemini_csw_harvester
ckan/ckanext-spatial,gemini_doc_harvester
ckan/ckanext-spatial,gemini_waf_harvester
ckan/ckanext-spatial,spatial_harvest_metadata_api
ckan/ckanext-spatial,spatial_metadata
ckan/ckanext-spatial,spatial_query
ckan/ckanext-spatial,waf_harvester
ckan/ckanext-validation,validation
ckan/ckanext-viewhelpers,viewhelpers
ckan/ckanext-xloader,xloader
cmuphillycapstone/ckanext-dictionary,dictionary
code-schleswig-holstein/ckanext-odsh,kiel_harvester
code-schleswig-holstein/ckanext-odsh,odsh
code-schleswig-holstein/ckanext-odsh,odsh_autocomplete
code-schleswig-holstein/ckanext-odsh,odsh_dcat_harvest
code-schleswig-holstein/ckanext-odsh,odsh_harvest
code-schleswig-holstein/ckanext-odsh,odsh_icap
code-schleswig-holstein/ckanext-odsh,statistikamtnord_harvester
code-schleswig-holstein/ckanext-odsh,thumbnail
code-schleswig-holstein/ckanext-odsh,tpsh_collections
congbk92/ckanext-dataconverter,dataconverter
conwetlab/ckanext-datarequests,datarequests
conwetlab/ckanext-datastore_restful,datastore_restful
conwetlab/ckanext-fiware_header,fiware_header
conwetlab/ckanext-oauth2,oauth2
conwetlab/ckanext-privatedatasets,privatedatasets
conwetlab/ckanext-storepublisher,storepublisher
conwetlab/ckanext-wirecloud_view,wirecloud_view
costibleotu/ckanext-dataportaltheme,dataportaltheme
costibleotu/ckanext-githubfeed,githubfeed
cphsolutionslab/ckanext-cphopendata,cphopendata
cphsolutionslab/ckanext-customuserprivileges,customuserprivileges
cphsolutionslab/ckanext-dataproxy,dataproxy
cphsolutionslab/ckanext-dataproxy,dataproxy_view
cphsolutionslab/ckanext-metadataharvest,metadataharvest
cphsolutionslab/ckanext-portalopendatadk,portalopendatadk
csipiemonte/ckanext-apertocomunetorinoit,apertocomunetorinoit
csse-uoft/ckanext-udc,udc
csse-uoft/ckanext-udc,udc_captcha
csse-uoft/ckanext-udc,udc_import
csse-uoft/ckanext-udc,udc_import_other_portals
csse-uoft/ckanext-udc,udc_react
csse-uoft/ckanext-udc,udc_theme
cuprit-gbr/ckanext-cuprit,cuprit
cuprit-gbr/ckanext-thesauri,thesauri_harvester
cwbi-apps/ckanext-cwbi-harvesters,cwbi_esri
cwbi-apps/ckanext-cwbi-harvesters,cwbi_esri_rest
cwbi-apps/ckanext-cwbi-harvesters,cwbi_harvesters
cwbi-apps/ckanext-cwbi-harvesters,dcat_us_3_transform
cwbi-apps/ckanext-s3storage,s3filestore
cwbi-apps/ckanext-usacecwbitheme,cwbi_theme
cynkra/ckanext-sg,sg_huwise_explore
cynkra/ckanext-sg,sg_transforms
cynkra/ckanext-sg,sg_url_refresh
dadosgovbr/ckanext-dadosgovbr,dadosgovbr
dadosgovbr/ckanext-dadosgovbr-2014,dadosgovbr_dataset
dadosgovbr/ckanext-dadosgovbr-2014,dadosgovbr_newssection
dadosgovbr/ckanext-dadosgovbr-2014,dadosgovbr_theme
dadosgovbr/ckanext-dadosgovbrschema,dadosgovbrschema
damalaga/ckanext-federador,federador
damalaga/ckanext-malaga,malaga
dangsg/ckanext-mysql2mongodb,mysql2mongodb
data-govt-nz/ckanext-dia,diaapi
data-govt-nz/ckanext-dia,diacommands
data-govt-nz/ckanext-dia,diadcatjsonharvester
data-govt-nz/ckanext-dia,diaharvester
data-govt-nz/ckanext-dia,dianohomepage
data-govt-nz/ckanext-dia,diaschema
data-govt-nz/ckanext-dia,diauriminting
data-govt-nz/ckanext-dia,diavalidation
data-govt-nz/ckanext-dia_theme,dia_theme
data-govt-nz/ckanext-protected_resources,protected_resources
data-govt-nz/ckanext-raygun,raygun
data-govt-nz/ckanext-security,security
datacats/ckanext-featuredviews,featuredviews
datacats/ckanext-geopusher,geopusher
datacats/ckanext-ottawa,ottawa_group
datacats/ckanext-ottawa,ottawa_org
datacats/ckanext-ottawa,ottawa_theme
datacats/ckanext-webhooks,webhooks
datadotworld/ckanext-datadotworld,datadotworld
datagovuk/ckanext-certificates,certificates
datagovuk/ckanext-datapreview,datapreview
datagovuk/ckanext-datastore,datastore
datagovuk/ckanext-dgu,dgu_api
datagovuk/ckanext-dgu,dgu_auth_api
datagovuk/ckanext-dgu,dgu_dataset_form
datagovuk/ckanext-dgu,dgu_drupal_auth
datagovuk/ckanext-dgu,dgu_form
datagovuk/ckanext-dgu,dgu_inventory
datagovuk/ckanext-dgu,dgu_mock_drupal2
datagovuk/ckanext-dgu,dgu_publisher_files
datagovuk/ckanext-dgu,dgu_publisher_form
datagovuk/ckanext-dgu,dgu_publishers
datagovuk/ckanext-dgu,dgu_report
datagovuk/ckanext-dgu,dgu_schema
datagovuk/ckanext-dgu,dgu_search
datagovuk/ckanext-dgu,dgu_site_down
datagovuk/ckanext-dgu,dgu_spatial
datagovuk/ckanext-dgu,dgu_theme
datagovuk/ckanext-dgu-local,dgu_local
datagovuk/ckanext-dgu-local,inventory_harvester
datagovuk/ckanext-ga-report,ga-report
datagovuk/ckanext-linkfinder,linkfinder
datagovuk/ckanext-os,os_preview
datagovuk/ckanext-os,os_search
datagovuk/ckanext-os,os_wfs_server
datagovuk/ckanext-redmine,redmine
datagovuk/ckanext-schemadotorg,schemadotorg
datagovuk/ckanext-taxonomy,taxonomy
datagvat/ckanext-dgvat,datagvat
datalocale/ckanext-datalocale,datalocale
dataoverheid/ckanext-dataoverheid,donl-authorization
dataoverheid/ckanext-dataoverheid,donl-interface
dataoverheid/ckanext-dataoverheid,donl-rdf
dataoverheid/ckanext-dataoverheid,donl-scheme
dataoverheid/ckanext-donl,donl_authorize
dataoverheid/ckanext-donl,donl_drupal_auth
dataoverheid/ckanext-donl,donl_ipm
dataoverheid/ckanext-donl,donl_theme
datarefuge/ckanext-datarefuge_theme,datarefuge_theme
datasketch/ckanext-cdmx,cdmx
datasketch/ckanext-pdae_theme,pdae_theme
datawagovau/ckanext-datawagovautheme,datawagovau_theme
dathere/ckanext-boernetx_theme,boernetx_theme
dathere/ckanext-datatablesview_plus,datatablesview_plus
dathere/ckanext-discourse-extension,discourse
dathere/ckanext-officedocs,officedocs_view
dathere/ckanext-openapi_viewer,openapi_viewer
dathere/ckanext-twdh_reports,twdh_reports
dathere/datapusher-plus,datapusher_plus
datopian/ckanext-aircan,aircan
datopian/ckanext-asset-storage,asset_storage
datopian/ckanext-auth,auth
datopian/ckanext-authz-service,authz_service
datopian/ckanext-blob-storage,blob_storage
datopian/ckanext-c3charts,c3charts
datopian/ckanext-data-api,data_api
datopian/ckanext-dataexplorer-graphql,dataexplorer_table_view
datopian/ckanext-dataexplorer-graphql,dataexplorer_view
datopian/ckanext-dataexplorer-react,dataexplorer_chart_view
datopian/ckanext-dataexplorer-react,dataexplorer_map_view
datopian/ckanext-dataexplorer-react,dataexplorer_table_view
datopian/ckanext-dataexplorer-react,dataexplorer_view
datopian/ckanext-dataexplorer-react,dataexplorer_web_view
datopian/ckanext-datapub,datapub
datopian/ckanext-datasetapproval,dataset_approval
datopian/ckanext-datastore-authz,datastore_authz
datopian/ckanext-datastore-bigquery,bigquery
datopian/ckanext-datastore-dumper,datastore_dumper
datopian/ckanext-datopian,datopian
datopian/ckanext-dcat-ap-se-profile,dcat_ap_3_se
datopian/ckanext-dcat-ap-se-profile,dcat_ap_se_profile
datopian/ckanext-developerpage,developerpage
datopian/ckanext-duplicateresource,duplicate_dictionary
datopian/ckanext-gdpr,gdpr
datopian/ckanext-gitdatahub,gitdatahub_package
datopian/ckanext-gitdatahub,gitdatahub_resource
datopian/ckanext-gtm,gtm
datopian/ckanext-gwexplorer,gwexplorer
datopian/ckanext-honduras,honduras
datopian/ckanext-idda,idda
datopian/ckanext-logstash,logstash
datopian/ckanext-malmo,malmo
datopian/ckanext-noanonaccess,noanonaccess
datopian/ckanext-openapidocs,openapidocs
datopian/ckanext-opendatani,opendatani
datopian/ckanext-orgdashboards,orgdashboards
datopian/ckanext-orgportals,orgportals
datopian/ckanext-portaljs-improvements,portaljs_improvements
datopian/ckanext-preflow,preflow
datopian/ckanext-querytool,querytool
datopian/ckanext-requestdata,requestdata
datopian/ckanext-s3-multipart-upload,s3_multipart_upload
datopian/ckanext-saasportal_quote,saasportal_quote
datopian/ckanext-sitemap,sitemap
datopian/ckanext-sse,sse
datopian/ckanext-sse,sse_audit
datopian/ckanext-story,story
datopian/ckanext-translate,translate
datopian/ckanext-versioning,package_versioning
datopian/ckanext-versions,versions
datopian/ckanext-vocabulary,vocabulary
datopian/ckanext-vrr,vrr
datopian/ckanext-zip,zip
datopian/ckanext-zurich,zurich
datos-desarrollosocial-nacion/ckanext-mds_theme,mds_theme
datosgobar/ckanext-gobar-theme,gobar_theme
datosgobar/ckanext-series-explorer,series_explorer
datosgobar/ckanext-seriestiempoarexplorer,seriestiempoarexplorer
datosgobar/ckanext-spatial-widget-ar,spatial_widget_ar
datosgobes/ckanext-dge,dge
datosgobes/ckanext-dge-brokenlinks,dge_brokenlinks
datosgobes/ckanext-dge-dashboard,dge_dashboard
datosgobes/ckanext-dge-dataservice,dge_dataservice
datosgobes/ckanext-dge-drupal-users,dge_drupal_users
datospy/ckanext-datos_theme,datos_theme
davidr-PA/ckanext-lemr,lemr
davidread/ckanext-analytics,analytics
dbca-wa/ckanext-dbca,dbca
deniszgonjanin/ckanext-geojsonview,geojsonview
depositar/ckanext-ark,ark
depositar/ckanext-citation,citation
depositar/ckanext-data-depositario,data_depositario
depositar/ckanext-data-depositario,depositar_iso639
depositar/ckanext-depositar_theme,depositar_theme
depositar/ckanext-depositar_theme,depositar_theme_rep_str
depositar/ckanext-wikidatakeyword,wikidatakeyword
derilinx/ckanext-datastore_cleanup,datastore_cleanup
derilinx/ckanext-derilinxdcatprofile,derilinxdcatprofile
derilinx/ckanext-dgi-public,dgu_api
derilinx/ckanext-dgi-public,dgu_auth_api
derilinx/ckanext-dgi-public,dgu_dataset_form
derilinx/ckanext-dgi-public,dgu_drupal_auth
derilinx/ckanext-dgi-public,dgu_form
derilinx/ckanext-dgi-public,dgu_inventory
derilinx/ckanext-dgi-public,dgu_mock_drupal2
derilinx/ckanext-dgi-public,dgu_publisher_form
derilinx/ckanext-dgi-public,dgu_publishers
derilinx/ckanext-dgi-public,dgu_report
derilinx/ckanext-dgi-public,dgu_search
derilinx/ckanext-dgi-public,dgu_site_down
derilinx/ckanext-dgi-public,dgu_theme
derilinx/ckanext-dietstars,dietstars
derilinx/ckanext-losd,losd
derilinx/ckanext-odm_dataset-ext,odm_dataset_ext
derilinx/ckanext-odm_dataset-ext,odm_dataset_resource
derilinx/ckanext-odm_dataset-ext,odm_mimu_harvester
derilinx/ckanext-schema_field_groups,schema_field_groups
derilinx/ckanext-tabledesigner_hashcolumns,tabledesigner_hashcolumns
desidedatum/ckanext-aemet,aemet
devartis/ckanext-andinotemplate,andinotemplate
developmentseed/ckanext-authkey,authkey
developmentseed/ckanext-mvt,mvt
developmentseed/ckanext-mvt,mvt_view
dga-devops/ckanext-dquality,dquality
domoritz/ckanext-krzn,krzn
doubleo-dev/ckanext-doubleo-theme,doubleo_theme
dpc-sdp/ckanext-datasetform,datasetform
dpc-sdp/ckanext-datavic-harvester,datavic_dcat_json_harvester
dpc-sdp/ckanext-datavic-harvester,datavic_odp_harvester
dpc-sdp/ckanext-datavic-harvester,datavic_ods_harvester
dpc-sdp/ckanext-datavic-harvester,delwp_harvester
dpc-sdp/ckanext-datavic-iar-theme,datavic_iar_theme
dpc-sdp/ckanext-datavic-reporting,datavic_reporting
dpc-sdp/ckanext-datavicmain,datavic_datapusher_plus
dpc-sdp/ckanext-datavicmain,datavicmain_dataset
dpc-sdp/ckanext-datavicmain,datavicmain_home
dpc-sdp/ckanext_datavic_odp_schema,datavic_odp_schema
dpc-sdp/ckanext_datavic_odp_theme,datavic_odp_theme
dpc-sdp/ckanext_datavic_odp_theme,datavic_odp_theme_auth
dpc-sdp/ckanext_datavic_odp_theme,datavic_odp_xloader
dpp-dev/ckanext-latvian-theme,latvian_ext
dpp-dev/ckanext-latvian-theme,latvian_theme
dreddx/ckanext-dreddx_networkview,dreddx_networkview
dreddx/ckanext-dreddx_theme,dreddx_theme
duttonw/ckanext-pycharm-debugger,pycharm_debugger
dvrpc/ckanext-dvrpc_gis_harvester,dvrpc_gis_harvester
eHealthAfrica/ckanext-biskit,biskit
eawag-rdm/ckanext-eaw_core,eaw_core
eawag-rdm/ckanext-eaw_helpers,eaw_helpers
eawag-rdm/ckanext-eaw_schema,eaw_schema
eawag-rdm/ckanext-eaw_theme,eaw_theme
eawag-rdm/ckanext-eaw_vocabularies,eaw_vocabularies
eccenca/ckanext-diachron,diachron
ecolabdata/ckanext-dsfr,theme_design_system_fr
ecolabdata/ckanext-ecospheres,dcat_ecospheres_harvester
ecolabdata/ckanext-ecospheres,dcat_ecospheres_plugin
ecolabdata/ckanext-ecospheres,ecospheres
ecolabdata/ckanext-ecospheres,spatial_ecospheres_harvester
ecolabdata/ckanext-ecospheres,spatial_ecospheres_template
edincubator/ckanext-edi_theme,edi_theme
edincubator/ckanext-ga,ga
edincubator/ckanext-protect_resources,protect_resources
enterstudio/ckanext-datagovau,datagovau
enterstudio/ckanext-datagovau,datagovau_hierarchy
eradan/ckanext-toscana-harvest,metarepo_harvester
eradan/ckanext-toscana-harvest,spod_harvester
eradan/ckanext-toscana-harvest,toscana_harvest
eradan/ckanext-toscana-reports,datitoscana_reports
ericariyanto/ckanext-pslandak,pslandak
ericariyanto/ckanext-pstheme,pstheme
ervin-machine/ckanext-advanced_search,example_extension
etalab/ckanext-fedmsg,fedmsg
etalab/ckanext-sentry,sentry
etalab/ckanext-youckan,sentry
etalab/ckanext-youckan,youckan
etri-odp/ckanext-hdfs,hdfs
etri-odp/ckanext-jena,jena
etri-odp/ckanext-resourceauthorizer,resourceauthorizer
f-osorio/ckanext-clamdscanner,clamdscanner
f-osorio/ckanext-journal-dashboard,journal-dashboard
fabricads2012/ckanext-autorizacoes,autorizacoes
fbellati/ckanext-branding,branding
fernandobac03/ckanext-mdfromowl,mdfromowl
fernandobac03/ckanext-recordviewer,recordviewer
fernandobac03/ckanext-runtimeconfig,runtimeconfig
fjelltopp/ckanext-dataset-subscriptions,dataset_subscriptions
fjelltopp/ckanext-dhis2harvester,dhis2_pivot_tables_harvester
fjelltopp/ckanext-dhis2harvester,dhis2harvester_plugin
fjelltopp/ckanext-dms,dms
fjelltopp/ckanext-emailasusername,emailasusername
fjelltopp/ckanext-file-uploader,file_uploader
fjelltopp/ckanext-fjelltopp-theme,fjelltopp_theme
fjelltopp/ckanext-fork,fork
fjelltopp/ckanext-short-urls,short_urls
fjelltopp/ckanext-spectrum,spectrum
fjelltopp/ckanext-unaids,unaids
fjelltopp/ckanext-unaids,unaids_recline_view
fjelltopp/ckanext-useraffiliation,useraffiliation
fjelltopp/ckanext-validator,validator
fjelltopp/ckanext-who-romania,who_romania
fjelltopp/ckanext-zarr,zarr
fpichardom/ckanext-biodigiknow,biodigiknow
fpichardom/ckanext-knowtest,knowtest
fraunhoferfokus/ckanext-govdatade,bayern_harvester
fraunhoferfokus/ckanext-govdatade,berlin_harvester
fraunhoferfokus/ckanext-govdatade,bfj_harvester
fraunhoferfokus/ckanext-govdatade,bkg_harvester
fraunhoferfokus/ckanext-govdatade,bmbf_harvester
fraunhoferfokus/ckanext-govdatade,bonn_harvester
fraunhoferfokus/ckanext-govdatade,bremen_harvester
fraunhoferfokus/ckanext-govdatade,datahub_harvester
fraunhoferfokus/ckanext-govdatade,destatis2_harvester
fraunhoferfokus/ckanext-govdatade,destatis_harvester
fraunhoferfokus/ckanext-govdatade,govapps_harvester
fraunhoferfokus/ckanext-govdatade,hamburg_harvester
fraunhoferfokus/ckanext-govdatade,koeln_harvester
fraunhoferfokus/ckanext-govdatade,moers_harvester
fraunhoferfokus/ckanext-govdatade,opennrw_harvester
fraunhoferfokus/ckanext-govdatade,regionalstatistik_harvester
fraunhoferfokus/ckanext-govdatade,rlp_harvester
fraunhoferfokus/ckanext-govdatade,rostock_harvester
fraunhoferfokus/ckanext-govdatade,sachsen_harvester
frictionlessdata/ckanext-datapackage,datapackage
frictionlessdata/ckanext-datapackager,datapackager
frictionlessdata/ckanext-wprdcpilot,wprdcpilot
friendlycode/ckanext-datagr,datagr
fumi/ckanext-fake-datagojp,fake_datagojp_theme
fumi/ckanext-mimetypes,mimetypes
fwoerister/ckanext-archiveview,archiveview
fwoerister/ckanext-mongodatastore,landingpageview
fwoerister/ckanext-mongodatastore,mongodatastore
fwoerister/ckanext-mongodatastore,reclinecitationview
fwoerister/ckanext-reclinecitationview,reclinecitationview
gabipana7/ckanext-danubius_theme,danubius_theme
gavram/ckanext-sdaia_custom_apis,sdaia_custom_apis
geoenvo/ckanext-onedataportal,onedataportal
geogeek11/-ckanext-datagov2,datagov
geoimpactag/ckanext-geoimpact,geoimpact
geological-survey-of-queensland/gsq-ckanext-gsq-theme,gsq_theme
geological-survey-of-queensland/gsq-ckanext-scheming,scheming_datasets
geological-survey-of-queensland/gsq-ckanext-scheming,scheming_groups
geological-survey-of-queensland/gsq-ckanext-scheming,scheming_organizations
geological-survey-of-queensland/gsq-ckanext-scheming,scheming_test_plugin
geological-survey-of-queensland/gsq-ckanext-scheming,scheming_test_subclass
georgepm/ckanext-sparql,sparql_interface
geosolutions-it/ckanext-azure-auth,azure_auth
geosolutions-it/ckanext-azure-auth,azure_auth_adfs
geosolutions-it/ckanext-azure-auth,azure_auth_b2c
geosolutions-it/ckanext-c195,c195
geosolutions-it/ckanext-categorie,categorie
geosolutions-it/ckanext-dcatapit,dcatapit_ckan_harvester
geosolutions-it/ckanext-dcatapit,dcatapit_config
geosolutions-it/ckanext-dcatapit,dcatapit_csw_harvester
geosolutions-it/ckanext-dcatapit,dcatapit_harvest_list
geosolutions-it/ckanext-dcatapit,dcatapit_harvester
geosolutions-it/ckanext-dcatapit,dcatapit_org
geosolutions-it/ckanext-dcatapit,dcatapit_pkg
geosolutions-it/ckanext-dcatapit,dcatapit_subcatalog_facets
geosolutions-it/ckanext-dcatapit,dcatapit_theme_group_mapper
geosolutions-it/ckanext-dcatapit,dcatapit_vocabulary
geosolutions-it/ckanext-extras,external_resource_list
geosolutions-it/ckanext-geonetwork,geonetwork_harvester
geosolutions-it/ckanext-geonode,geonode
geosolutions-it/ckanext-geonode,geonode_harvester
geosolutions-it/ckanext-geosolutions-ui,geosolutions_ui
geosolutions-it/ckanext-grace-period,grace_period
geosolutions-it/ckanext-grouplabel,grouplabel
geosolutions-it/ckanext-gsreport,status_reports
geosolutions-it/ckanext-multilang,multilang
geosolutions-it/ckanext-multilang,multilang_harvester
geosolutions-it/ckanext-multilang,multilang_resources
geosolutions-it/ckanext-odn,odn_harvest
geosolutions-it/ckanext-odn,odn_theme
geosolutions-it/ckanext-shibboleth,shibboleth
geosolutions-it/ckanext-tableauview,tableau_view
gfenoy/ckanext-wps,wps_preview
gina-alaska/ckanext-glynx,glynx
gislab-augsburg/ckanext-glab,glab
gislab-augsburg/ckanext-hidelogout,hidelogout
gislab-augsburg/ckanext-iso,iso
gislab-augsburg/ckanext-remove_login_icon,remove_login_icon
gislab-augsburg/ckanext-restrictaccess,restrictaccess
gisman/ckanext-embedding,embedding
gisman/ckanext-urlsearch,urlsearch
glujan04/ckanext-ceh-comment,ceh_comment
govro/ckanext-inventory,inventory
govro/ckanext-inventory,inventoryfix
govro/ckanext-romania_theme,romania_theme
gsi-cyberjapan/ckanext-basemaps,mapbases_layer
gtxizang/ckanext-fynd,fynd
gtxizang/ckanext-openapi-view,openapi_view
gtxizang/ckanext-swagger-view,swagger_view
gzarzuelor/ckanext-ngsipreview,ngsipreview
hasadna/ckanext-datacity,datacity
henriquespedro/ckanext-ourem,ourem_theme
hkmshb/ckanext-ehaportal,ehaportal
hkwi/ckanext-pen,pen
htagTsc/ckanext-custom_theme,custom_theme
hwaring/ckanext-opendatabc,opendatabc
ioos/ckanext-ioos-theme,ioos_theme
ioos/ckanext-ioos-theme,ioos_waf
iotaorg/ckanext-iota,iota_harvester
jahow/ckanext-georchestra,georchestra
jakubklimek/ckanext-odczdataset,dataset_odczdataset
janbruckert/ckanext_dataminds,dataminds
jargonautical/ckanext-tdp,tdp
jasonmotylinski/ckanext-datatablesview,datatables_view
jayenashar/ckanext-datansw,nsw
jayvardhan/ckanext-opencity,opencity
jesusredondo/ckanext-federgob,federgob
jgsmith/ckanext-dhdata,dhdata
jiankaiwang/ckanext-cdccushomepage,cdccushomepage
jiankaiwang/ckanext-cdcmainlib,cdcmainlib
jiankaiwang/ckanext-download,download
jlouhio/ckanext-datahubsuomi,datahubsuomi
joetm/ckanext-feeds,feeds
joetm/ckanext-revisiontab,revisiontab
joetm/ckanext-uploadbutton,uploadbutton
joetsoi/ckanext-astro,resource_metadata
joetsoi/ckanext-jsondatastore,jsondatastore
jorabra/ckanext-simplesso,simplesso
josip555/ckanext-dcathr,dcat_dataset_form
josip555/ckanext-dcathr,dcathr
jpmccu/ckanext-arrayexpress,arrayexpress
jqnatividad/ckanext-datatablesplus,datatablesplus_view
jshenaop/ckanext-ane,ane
jumargo73/ckanext-ckanplugin,CkanPlugin
jumargo73/ckanext-ckanplugin,CsvGeoJsonApi
jumargo73/ckanext-ckanplugin,CsvGeoJsonPlugin
jumargo73/ckanext-ckanplugin,DataJSonPlugin
jumargo73/ckanext-ckanplugin,FixDateFormatPlugin
jumargo73/ckanext-ckanplugin,OdataPlugin
jumargo73/ckanext-ckanplugin,SelloExcelenciaPlugin
jumargo73/ckanext-ckanplugin,ShpPlugin
justgeorge12/ckanext-xamin,xamin
justicehub-in/ckanext-emailauth,emailauth
justicehub-in/ckanext-justicehub_theme,justicehub_theme
justicehub-in/ckanext-moderation,moderation
justicehub-in/ckanext-tableview,table_view
kangmoesss/ckanext-oauth2-py3,oauth2
kapucko/ckanext-dataset,dataset
kapucko/ckanext-edem,edem
kartoza/ckanext-dalrrd-emc-dcpr,dalrrd_emc_dcpr
kartoza/ckanext-dalrrd-emc-dcpr,dalrrd_emc_dcpr_harvesting
kata-csc/ckanext-kata,kata
kata-csc/ckanext-rems,rems
kata-csc/ckanext-sitemap,sitemap
kata-csc/ckanext-statreports,statreports
katucker/ckanext-dapr,dap
keitaroinc/ckanext-alisea,alisea
keitaroinc/ckanext-approvalworkflow,approvalworkflow
keitaroinc/ckanext-big-resources,big_resources
keitaroinc/ckanext-bulkdownload,bulkdownload
keitaroinc/ckanext-bulkupload,bulkupload
keitaroinc/ckanext-calendar,calendar
keitaroinc/ckanext-cas,cas
keitaroinc/ckanext-cleanup,cleanup
keitaroinc/ckanext-colorado,colorado
keitaroinc/ckanext-dataextractor,dataextractor
keitaroinc/ckanext-datagovmk,datagovmk
keitaroinc/ckanext-dataguide,dataguide
keitaroinc/ckanext-dataquality,dataquality
keitaroinc/ckanext-datasetrelations,datasetrelations
keitaroinc/ckanext-datasetreplication,datasetreplication
keitaroinc/ckanext-eds,eds
keitaroinc/ckanext-edsmetadata,edsmetadata
keitaroinc/ckanext-edsnews,edsnews
keitaroinc/ckanext-experience,experience
keitaroinc/ckanext-kepa,kepa
keitaroinc/ckanext-keycloak,keycloak
keitaroinc/ckanext-knowledgehub,knowledgehub
keitaroinc/ckanext-lighthorse,lighthorse
keitaroinc/ckanext-likes,likes
keitaroinc/ckanext-mk_dcatap,mk_dcatap
keitaroinc/ckanext-montreal-theme,montreal_theme
keitaroinc/ckanext-noresource,noresource
keitaroinc/ckanext-onicse-theme,onicse_theme
keitaroinc/ckanext-organogram,organogram
keitaroinc/ckanext-password,custom_password_criteria
keitaroinc/ckanext-password-policy,password_policy
keitaroinc/ckanext-purge,purge
keitaroinc/ckanext-questionnaire,questionnaire
keitaroinc/ckanext-radius,radius
keitaroinc/ckanext-resourcedictionary,resourcedictionary
keitaroinc/ckanext-saasportal,saasportal
keitaroinc/ckanext-saml2auth,saml2auth
keitaroinc/ckanext-saml2auth,test_saml2auth
keitaroinc/ckanext-saudinodp,saudinodp
keitaroinc/ckanext-sokigo,sokigo
keitaroinc/ckanext-suggest,suggest
keitaroinc/ckanext-systeminfo,edsnews
keitaroinc/ckanext-villageearth,villageearth
keitaroinc/ckanext-visualize,visualize
keitaroinc/ckanext-xcaret,xcaret
kikislater/ckanext-dataset_approval,dataset_approval
kittichai-pkorn/ckanext-dga-stats-custom,dga_stats_custom
kkakui/ckanext-edc,edc_harvester
kmbn/ckanext-operandum,operandum
knaw-huc/ckanext-facet,custom_facet
knowdive/ckanext-liveschema_theme,liveschema_theme
kolesarj/ckanext-aafc,aafc
kolesarj/ckanext-aafcesas,aafcesas
kominfo-denpasar/ckanext-dps_theme,kpodp_theme
kowh-ai/ckanext-xloader-backup,xloader
ksmc/ckanext-activitiestracker,activitiestracker
kumarvivek1752/ckanext-translate,translate
kvichos/ckanext-graspos,graspos
lepidaspa/ckanext-rernew,rernew
lfalvarez/ckanext-arde,arde
lightbase/ckanext-datadaemon,datadaemon
liip/ckanext-dcat_switzerland,dcat_switzerland
liip/ckanext-dcat_switzerland,showcase_switzerland
liip/ckanext-ddi,ddi_import
liip/ckanext-ddi,ddi_schema
liip/ckanext-ddi,ddi_theme
liip/ckanext-ddi,nada_harvester
liip/ckanext-subscribe,subscribe
luca-martinelli-09/ckanext-cdstheme,cdstheme
luccasmmg/ckanext-sdaia,sdaia
lynxlab/ckanext-lait,lait
mango7j/ckanext-odao,odao
mapaction/ckanext-mapactionschemas,mapactionschemas
markmo/ckanext-azurefilestore,azurefilestore
marsdd/ckanext-marsavin,MarsavinRequestAccess
marsdd/ckanext-marsavin,marsavin
marsdd/ckanext-marsavin,marsavinPackage
marsdd/ckanext-marsavin,marsavinResource
maslij/ckanext-nbedit,nbedit
mat3rial-dev/ckanext-yycdatacollective,yycdatacollective
mateuszneumann/ckanext-ceon,ceon
maulikkamdar/ckanext-feedback,feedback
mauriciobelusso/ckanext-health,health
mdkan/ckanext-admin,admin_reporting
mdkan/ckanext-metadata,metadata_harvester
memaldi/ckanext-git,git
merkelct/ckanext-akanaharvester,akana_harvester
merkelct/ckanext-akanaharvester,akanaharvester
merkelct/ckanext-frontpage,frontpage
merkelct/ckanext-frontpage,textboxview
merkelct/ckanext-slack,slack
metaodi/ckanext-graphql,graphql
metropoleruhr/ckanext-rvr,rvr
metropoleruhr/ckanext-rvr,rvr_spatial_query
mgandarela/ckanext-hdx_theme,hdx_theme
microcomp/ckanext-applications,applications
microcomp/ckanext-audit,audit
microcomp/ckanext-notifications,notifications
microcomp/ckanext-responsive_design,responsive_design
microcomp/ckanext-sla,sla
microcomp/ckanext-sql,sql
microcomp/ckanext-torrent,torrent
mikelhpdatke/ckanext-theme-vasi,theme_vasi
milicp/ckanext-lire,lire
milicp/ckanext-semre,semre
mjanez/ckanext-openapi,openapi
mmoyles87/ckanext-oauth2provider,oauth2provider
mmoyles87/ckanext-twofactorauth,twofactorauth
momarious/ckanext-momarious,momarious
mominimtiaz786/ckanext-custom_categories,custom_categories
mominimtiaz786/ckanext-example_theme,example_theme
moxohch/ckanext-jwt_issuer,jwt_issuer
moxohch/ckanext-secure_logout,secure_logout
muccg/ckanext-chevrontheme,chevron_theme
muict-is/ckanext-reportview,reportview
mutantsan/ckanext-relationships,relationships
mutantsan/ckanext-search-autocomplete,search_autocomplete
mutantsan/ckanext-zippreview,zip_view
nasaharvest/ckanext-harvestportal,harvestportal
national-data-platform/ckanext-ndp,ndp
national-data-platform/ckanext-ndpcatalogadditions,ndpcatalogadditions
ndelacour/ckanext-safran_opendata_theme,safran_opendata_theme
nectec-opend/ckanext-thaigdc2fa,thaigdc2fa
neogeo-technologies/ckanext-idgotheme,idgotheme
nerevu/ckanext-heroku,heroku
net7/ckanext-opendata-theme,opendata_theme
net7/ckanext-opendata-theme,opendata_theme_overrides
ngds/ckanext-datastorecsw-bku03232018,datastorecsw
ngds/ckanext-geoserver,geoserver
ngds/ckanext-geoserver-bku03232018,geoserver
ngds/ckanext-mapsearch-bku03232018,mapsearch
ngds/ckanext-metadata-bku03232018,usgin_facets
ngds/ckanext-metadata-bku03232018,usgin_harvester
ngds/ckanext-metadata-bku03232018,usgin_metadata
ngds/ckanext-ngds-bku03232018,ngds_client
ngds/ckanext-ngds-bku03232018,ngds_harvester
ngds/ckanext-ngds-bku03232018,ngds_sysadmin
ngds/ckanext-ogcpreview-bku03232018,ogc_preview
nhsengland/ckanext-adfs,adfs
nhsengland/ckanext-nhsengland,nhsengland_skin
nicholas-owen/ckanext-harbour,harbour
nispc/ckanext-data_recommendation,data_recommendation
nleond/ckanext-helix,helix_analytics
nleond/ckanext-helix,helix_dataset
nleond/ckanext-helix,helix_errorware
nleond/ckanext-helix,helix_multilingual_dataset
nleond/ckanext-helix,helix_package
nleond/ckanext-helix,helix_raster
nleond/ckanext-helix,helix_vector
ogdch/ckanext-fso,fso
ogdch/ckanext-fso,fso_harvester
ogdch/ckanext-neat,neat
ogdch/ckanext-ogdch,ogdch
ogdch/ckanext-snl,snl
ogdch/ckanext-snl,snl_harvester
ogdch/ckanext-swisstopo,swisstopo
ogdch/ckanext-swisstopo,swisstopo_harvester
ogdch/ckanext-transharvest,transharvest
ogdch/ckanext-zhgis,zhgis
ogdch/ckanext-zhgis,zhgis_harvester
ogdch/ckanext-zhstat,zhstat
ogdch/ckanext-zhstat,zhstat_harvester
okfde/ckanext-offenedaten,aachen_harvester
okfde/ckanext-offenedaten,arnsberg_harvester
okfde/ckanext-offenedaten,bad_muenstereifel_harvester
okfde/ckanext-offenedaten,bayern_harvester
okfde/ckanext-offenedaten,bedburg_harvester
okfde/ckanext-offenedaten,bergheim_harvester
okfde/ckanext-offenedaten,berlin_harvester
okfde/ckanext-offenedaten,bochum_harvester
okfde/ckanext-offenedaten,bonn_harvester
okfde/ckanext-offenedaten,braunschweig_harvester
okfde/ckanext-offenedaten,bremen_harvester
okfde/ckanext-offenedaten,bruehl_harvester
okfde/ckanext-offenedaten,bw_harvester
okfde/ckanext-offenedaten,diepholz_harvester
okfde/ckanext-offenedaten,duesseldorf_harvester
okfde/ckanext-offenedaten,elsdorf_harvester
okfde/ckanext-offenedaten,euskirchen_harvester
okfde/ckanext-offenedaten,frankfurt_harvester
okfde/ckanext-offenedaten,gelsenkirchen_harvester
okfde/ckanext-offenedaten,gemeindewachtendonk_harvester
okfde/ckanext-offenedaten,hamburg_harvester
okfde/ckanext-offenedaten,heimbach_harvester
okfde/ckanext-offenedaten,huertgenwald_harvester
okfde/ckanext-offenedaten,juelich_harvester
okfde/ckanext-offenedaten,kall_harvester
okfde/ckanext-offenedaten,kerpen_harvester
okfde/ckanext-offenedaten,koeln_harvester
okfde/ckanext-offenedaten,krefeld_harvester
okfde/ckanext-offenedaten,kreiskleve_harvester
okfde/ckanext-offenedaten,kreisviersen_harvester
okfde/ckanext-offenedaten,kreiswesel_harvester
okfde/ckanext-offenedaten,kreuzau_harvester
okfde/ckanext-offenedaten,langerwehe_harvester
okfde/ckanext-offenedaten,leipzig_harvester
okfde/ckanext-offenedaten,linnich_harvester
okfde/ckanext-offenedaten,meerbusch_harvester
okfde/ckanext-offenedaten,merzenich_harvester
okfde/ckanext-offenedaten,moers_harvester
okfde/ckanext-offenedaten,muelheim_ruhr_harvester
okfde/ckanext-offenedaten,muenchen_harvester
okfde/ckanext-offenedaten,niederzier_harvester
okfde/ckanext-offenedaten,noervenich_harvester
okfde/ckanext-offenedaten,offenedaten
okfde/ckanext-offenedaten,open_ckan_harvester
okfde/ckanext-offenedaten,rlp_harvester
okfde/ckanext-offenedaten,rostock_harvester
okfde/ckanext-offenedaten,stadtbottrop_harvester
okfde/ckanext-offenedaten,stadtgeldern_harvester
okfde/ckanext-offenedaten,stadtkleve_harvester
okfde/ckanext-offenedaten,stadtwesel_harvester
okfde/ckanext-offenedaten,titz_harvester
okfde/ckanext-offenedaten,ulm_harvester
okfde/ckanext-offenedaten,vettweiss_harvester
okfde/ckanext-offenedaten,wesseling_harvester
okfde/ckanext-offenedaten,wuppertal_harvester
okfn/ckanext-activityinfo,activityinfo
okfn/ckanext-aerc,aerc
okfn/ckanext-aiglobal,aiglobal
okfn/ckanext-announcements,announcements
okfn/ckanext-apps,apps
okfn/ckanext-barnet,barnet
okfn/ckanext-cadastaroles,cadastaroles
okfn/ckanext-collaborators,collaborators
okfn/ckanext-colombia,colombia
okfn/ckanext-csw,cswserver
okfn/ckanext-datacatalogs,datacatalogs
okfn/ckanext-datahub,datahub
okfn/ckanext-datanl,datanl
okfn/ckanext-datano,datano
okfn/ckanext-ddfxls,ddfxls
okfn/ckanext-deliverance,deliverance
okfn/ckanext-demo,demo
okfn/ckanext-demo-classic,demo
okfn/ckanext-dgutheme,dgu_theme_embedded
okfn/ckanext-dgutheme,dgu_theme_independent
okfn/ckanext-drupal,drupal
okfn/ckanext-dsmtheme_example,dsmtheme_example
okfn/ckanext-ecportal,ecportal
okfn/ckanext-ecportal,ecportal_controller
okfn/ckanext-ecportal,ecportal_form
okfn/ckanext-ecportal,ecportal_homepage
okfn/ckanext-ecportal,ecportal_multilingual_dataset
okfn/ckanext-ecportal,ecportal_publisher_form
okfn/ckanext-esdstandards,esd
okfn/ckanext-example,example
okfn/ckanext-example,example_datasetform
okfn/ckanext-example,example_groupform
okfn/ckanext-exception,awesome
okfn/ckanext-express,customizable_featured_image
okfn/ckanext-express,up_to_n_editors
okfn/ckanext-expressimages,expressimages
okfn/ckanext-facetcollapse,facetcollapse
okfn/ckanext-feedcontent,feed_content
okfn/ckanext-fiwarelabs,fiwarelabs
okfn/ckanext-follower,follower
okfn/ckanext-ghana,ghana
okfn/ckanext-groupadmin,groupadmin
okfn/ckanext-hampshire,hampshire
okfn/ckanext-hidegroups,hidegroups
okfn/ckanext-hideorganizations,hideorganizations
okfn/ckanext-htsql,htsql
okfn/ckanext-iati-generator,iati_generator
okfn/ckanext-iceland,iceland
okfn/ckanext-inspire,gemini_csw_harvester
okfn/ckanext-inspire,gemini_doc_harvester
okfn/ckanext-inspire,gemini_waf_harvester
okfn/ckanext-inspire,inspire_api
okfn/ckanext-kenya,kenya
okfn/ckanext-kobo,kobo
okfn/ckanext-lacounts,lacounts
okfn/ckanext-lacounts,lacounts_ckan_harvester
okfn/ckanext-lacounts,lacounts_esrigeoportal_harvester
okfn/ckanext-lacounts,lacounts_socrata_harvester
okfn/ckanext-lcrnz,lcrnz
okfn/ckanext-moderatededits,moderatededits
okfn/ckanext-mx,mx
okfn/ckanext-nrgi,nrgi
okfn/ckanext-nsw,nsw
okfn/ckanext-oauth,oauth
okfn/ckanext-pakistan,pakistan_theme
okfn/ckanext-panama,panama
okfn/ckanext-panama,panama_groups
okfn/ckanext-panama,panama_organizations
okfn/ckanext-panama,panama_scheming_groups
okfn/ckanext-panama,panama_scheming_organizations
okfn/ckanext-pdeu,ckan_berlin_harvester
okfn/ckanext-pdeu,ckan_overheid
okfn/ckanext-pdeu,ckan_pdeu_harvester
okfn/ckanext-pdeu,data_london_gov_uk_harvester
okfn/ckanext-pdeu,data_publica_harvester
okfn/ckanext-pdeu,data_wien_gv_at_harvester
okfn/ckanext-pdeu,digitaliser_dk_harvester
okfn/ckanext-pdeu,opendata_cat_harvester
okfn/ckanext-pdeu,opendata_paris_fr_harvester
okfn/ckanext-pdeu,opengov_se_harvester
okfn/ckanext-pdeu,pdeu_customizations
okfn/ckanext-pdeu,pdeu_dcat_json_harvester
okfn/ckanext-pdeu,pdeu_dcat_xml_harvester
okfn/ckanext-pdeu,piemonte_harvester
okfn/ckanext-queue,queue
okfn/ckanext-recline,recline_preview
okfn/ckanext-resourcesfilter,resourcesfilter
okfn/ckanext-s3filestore,s3filestore
okfn/ckanext-sa,sa
okfn/ckanext-salford,salford
okfn/ckanext-sgdata,sgdatasetform
okfn/ckanext-simple,simple_theme
okfn/ckanext-singapore,singapore
okfn/ckanext-sitesearch,sitesearch
okfn/ckanext-sitesearch,test_dataset_type
okfn/ckanext-socrata,socrata_harvester
okfn/ckanext-standard,standard_theme
okfn/ckanext-stats,stats
okfn/ckanext-storage,storage
okfn/ckanext-tsbsatellites,tsbsatellites
okfn/ckanext-usertesting,usertesting
okfn/ckanext-validate,validate
okfn/ckanext-vegaview,vegaview
okfn/ckanext-wordpresser,wordpresser
ondics/ckanext-partialview,csvpreview
ondics/ckanext-partialview,textpreview
ondics/ckanext-similar-datasets,similar_datasets
ondics/ckanext-solr-query-config,solr_query_config
onesaitplatform/ckanext-onesaitplatform,onesaitplatform
ongov/ckanext-ontario_theme,ontario_data_catalogue_harvester
ongov/ckanext-ontario_theme,ontario_theme
ongov/ckanext-ontario_theme,ontario_theme_external
opalthailand/ckanext-cdp,cdp
open-data-toronto/ckanext-datastore-profiler,datastore_profiler
open-data-toronto/ckanext-iotrans,iotrans
open-data-toronto/ckanext-solr-sqs,solr-sqs
open-data/ckanext-az-keyvault,az_keyvault
open-data/ckanext-canada,canada_datasets
open-data/ckanext-canada,canada_forms
open-data/ckanext-canada,canada_internal
open-data/ckanext-canada,canada_public
open-data/ckanext-canada,canada_security
open-data/ckanext-canada,canada_theme
open-data/ckanext-citeproc,citeproc
open-data/ckanext-datastore-search,datastore_search
open-data/ckanext-fgp,canada_fgp
open-data/ckanext-gcnotify,gcnotify
open-data/ckanext-language-domains,language_domains
open-data/ckanext-openapiview,openapi_view
open-data/ckanext-power-bi,power_bi_view
open-data/ckanext-recombinant,recombinant
open-data/ckanext-repeating,repeating
open-data/ckanext-stcndm,stcndm
open-data/ckanext-stcndm,stcndm_report_generator
open-data/ckanext-virtual-library,virtual_library
open-data/ckanext-wet-boew,wet_boew
open-data/ckanext-wet-boew,wet_boew_gcweb
open-data/ckanext-wet-boew,wet_boew_theme_gc_intranet
openclimatefix-archives/ckanext-openenergy,openenergy
openclimatefix-archives/ckanext-openenergy,openenergy_ckan_query_harvester
opendata-swiss/ckanext-dcatapchharvest,dcat_ch_i14y_rdf_harvester
opendata-swiss/ckanext-dcatapchharvest,dcat_ch_rdf_harvester
opendata-swiss/ckanext-dcatapchharvest,ogdch_dcat
opendata-swiss/ckanext-geocat,geocat_ech0271_harvester
opendata-swiss/ckanext-geocat,geocat_harvester
opendata-swiss/ckanext-harvester_dashboard,harvester_dashboard
opendata-swiss/ckanext-ogdchcommands,ogdch_admin
opendata-swiss/ckanext-ogdchcommands,ogdch_cmd
opendata-swiss/ckanext-switzerland,dcat_ch_rdf_harvester
opendata-swiss/ckanext-switzerland,ogdch
opendata-swiss/ckanext-switzerland,ogdch_dcat
opendata-swiss/ckanext-switzerland,ogdch_group
opendata-swiss/ckanext-switzerland,ogdch_group_search
opendata-swiss/ckanext-switzerland,ogdch_org
opendata-swiss/ckanext-switzerland,ogdch_org_search
opendata-swiss/ckanext-switzerland,ogdch_pkg
opendata-swiss/ckanext-switzerland,ogdch_res
opendata-swiss/ckanext-switzerland,ogdch_showcase
opendata-swiss/ckanext-switzerland-ng,ogdch
opendata-swiss/ckanext-switzerland-ng,ogdch_archive
opendata-swiss/ckanext-switzerland-ng,ogdch_group
opendata-swiss/ckanext-switzerland-ng,ogdch_middleware
opendata-swiss/ckanext-switzerland-ng,ogdch_org
opendata-swiss/ckanext-switzerland-ng,ogdch_pkg
opendata-swiss/ckanext-switzerland-ng,ogdch_res
opendata-swiss/ckanext-switzerland-ng,ogdch_showcase
opendata-swiss/ckanext-switzerland-ng,ogdch_subscribe
opendata-swiss/ckanext-switzerland-ng,ogdch_xloader
opendata-swiss/ckanext-switzerland_users,ogdch_users
opendatadurban/ckanext-sdf-theme,sdftheme
opendatamonitor/ckanext-genericapiharvest,genericapi_harvester
opendatamonitor/ckanext-genericapiharvest,genericapiharvest
opendatamonitor/ckanext-harmonisation,harmonisation
opendatamonitor/ckanext-harvestodm,ckan_harvester
opendatamonitor/ckanext-harvestodm,harvestodm
opendatamonitor/ckanext-harvestodm,test_harvester
opendatatrentino/ckanext-datitrentinoit,datitrentinoit
opendatatrentino/ckanext-patcategories,pat_categories
opendatatrentino/ckanext-patstatweb,patstatweb_harvester
opendatazurich/ckanext-stadtzh-harvest,stadtzh_harvester
opendatazurich/ckanext-stadtzh-notify,stadtzhnotify
opendatazurich/ckanext-stadtzh-theme,stadtzhtheme
opendatazurich/ckanext-stadtzh_losdharvest,stadtzh_losdharvest
opennorth/ckanext-whiterock,wrcommon
opennorth/ckanext-whiterock,wrfacet
opennorth/ckanext-whiterock,wrpages
openresearchdata/ckanext-oaipmh,oaipmh_harvester
openresearchdata/ckanext-openbis,openbis_harvester
openresearchdata/ckanext-ord-hierarchy,ord_hierarchy
openresearchdata/ckanext-ordbase-theme,ordbasetheme
openresearchdata/ckanext-salsah,salsah_harvester
openspending/ckanext-budgets,budgets
openspending/ckanext-openspending,openspending
ozwillo/ckanext-ozwillo-organization-api,ozwillo_organization_api
ozwillo/ckanext-ozwillo-organization-api,ozwillo_organization_create
ozwillo/ckanext-ozwillo-organization-api,ozwillo_organization_form
ozwillo/ckanext-ozwillo-pyoidc,ozwillo_pyoidc
ozwillo/ckanext-ozwillo-routes,ozwillo_routes
ozwillo/ckanext-ozwillo-theme,ozwillo_theme
pabrojast/ckanext-chartjs,chartjs
pabrojast/ckanext-chartscha,chartscha
pabrojast/ckanext-colab,colab
pabrojast/ckanext-cstoolbox,cstoolbox
pabrojast/ckanext-csunesco,csunesco
pabrojast/ckanext-datashare,datashare
pabrojast/ckanext-maplibre,maplibre
pabrojast/ckanext-shptoapi,shptoapi
pabrojast/ckanext-stationsdischarge,stationsdischarge
pabrojast/ckanext-terriassistant,terriassistant
pcbimon/ckanext-oauth2-py2,oauth2
pdekraker-epa/ckanext-relationshipdisplay,relationshipdisplay
pdelboca/ckanext-datasetsperpage,datasetsperpage
pdelboca/ckanext-htmx-demo,htmx
pduchesne/ckanext-annotations,annotations
pduchesne/ckanext-digitalwallonia,digitalwallonia_theme
pduchesne/ckanext-digitalwallonia,metawal_harvester
pduchesne/ckanext-geoview,geo_view
pduchesne/ckanext-geoview,geojson_view
pduchesne/ckanext-geoview,shp_view
pduchesne/ckanext-geoview,wmts_view
pedritogonzalez88/ckanext-custom_auth,custom_auth
perecanet/ckanext-stomallorca_theme,stomallorca_theme
phlpat/ckanext-ssoauth,ssoauth
phoozy54/ckanext-somaliland,somaliland
pmlrsg/ckanext-PML,PML
pmlrsg/ckanext-resourcepicker,resourcepicker
prefeitura-curvelo/ckanext-curvelo_theme,curvelo_theme
pricilakrepeki/CGU_ckanext-cgu-dataset-form,cgu_dataset_form
promptlylabs/ckanext-oidc,oidc
qld-gov-au/ckanext-data-qld,data_qld
qld-gov-au/ckanext-data-qld,data_qld_google_analytics
qld-gov-au/ckanext-data-qld,data_qld_integration
qld-gov-au/ckanext-data-qld,data_qld_reporting
qld-gov-au/ckanext-data-qld,data_qld_resources
qld-gov-au/ckanext-data-qld,data_qld_test
qld-gov-au/ckanext-data-qld-theme,data_qld_theme
qld-gov-au/ckanext-harvester-data-qld-geoscience,harvester_data_qld_geoscience
qld-gov-au/ckanext-odi-certificates,odi_certificates
qld-gov-au/ckanext-publications-qld-theme,publications_qld_theme
qld-gov-au/ckanext-qgov,qgovext
qld-gov-au/ckanext-resource-type-validation,resource_type_validation
qld-gov-au/ckanext-resource-visibility,resource_visibility
qld-gov-au/ckanext-ssm-config,ssm_config
qld-gov-au/ckanext-validation-schema-generator,validation_schema_generator
rapee/ckanext-thai_gdc,thai_gdc
redlink-gmbh/ckanext-redlink,redlink
redlink-gmbh/ckanext-redlink,redlinkDataset
reedv/ckanext-publicrestrictiondatasets,publicrestrictiondatasets
reneenoble/ckanext-iframeview,iframeview
roberto667/ckanext-ckantheme,ckantheme
rossjones/ckanext-gdoc,gdoc_view
rossjones/ckanext-liverpool,liverpool
rossjones/ckanext-lua,lua
rossjones/ckanext-pubsub,pubsub
rossjones/ckanext-statsd,statsd
rostock/ckanext-hro_dcatapde,hro_dcatapde
rostock/ckanext-hro_theme,hro_theme
routetopa/ckanext-openid,openid
routetopa/ckanext-pivottable,pivottable
routetopa/ckanext-statsapi,statsapi
routetopa/ckanext_rtpa_anomaly_detection,rtpa_anomaly_detection
rue-a/ckanext-traffic_light,traffic_light
saikarthikp9/ckanext-customizer,customizer
salnhan/ckanext-additionalfacets,additional_facets
salnhan/ckanext-additionalfacets,additional_facets_from_scheming_dataset
salsadigitalauorg/ckanext-clone-dataset,clone_dataset
salsadigitalauorg/ckanext-datastore-refresh,datastore_refresh
salsadigitalauorg/ckanext-fortify,fortify
salsadigitalauorg/ckanext-ga-api-actions,ga_api_actions
salsadigitalauorg/ckanext-harvest-tools,harvest_tools
salsadigitalauorg/ckanext-invalid-uris,invalid_uris
salsadigitalauorg/ckanext-package-group-permissions,package_group_permissions
salsadigitalauorg/ckanext-qdes,qdes
salsadigitalauorg/ckanext-qdes,qdes_access
salsadigitalauorg/ckanext-qdes-schema,qdes_schema
salsadigitalauorg/ckanext-qdes-theme,qdes_theme
salsadigitalauorg/ckanext-restricted-access,restricted_access
salsadigitalauorg/ckanext-vocabulary-services,secure_vocabularies
salsadigitalauorg/ckanext-vocabulary-services,vocabulary_services
salzburgerland/ckanext-salzburgerland_tourismus_theme,salzburgerland_tourismus_theme
samibaig/ckanext-twdht,twdht
sciamlab/ckanext-datigovit,datigovit
sergitrilles/ckanext-oct,oct
shemogumbe/ckanext-dataviewanalytics,dataviewanalytics
shidax/ckanext_notification,notification
simeonackermann/ckanext-rdfstoreimporter,rdfstoreimporter
simeonwetzel/ckanext-solr-vectorstore,solr_vectorscore
sirmmo/ckanext-rer,rer
sivang/ckanext-brokenafter,brokenafter
skeenatrust/ckanext-skt_template,skt_theme
skeenatrust/ckanext-skt_theme,skt_theme
sofia-municipality/ckanext-sofia,sofia
solalem/ckanext-datagovet-theme,datagovet_theme
sorki/ckanext-redmine-autoissues,redmine
srkunze/ckanext-semantic,semantic
stadt-karlsruhe/ckanext-citehelp,citehelp
stadt-karlsruhe/ckanext-discovery,discovery
stadt-karlsruhe/ckanext-discovery,search_suggestions
stadt-karlsruhe/ckanext-discovery,similar_datasets
stadt-karlsruhe/ckanext-discovery,solr_query_config
stadt-karlsruhe/ckanext-discovery,tag_cloud
stadt-karlsruhe/ckanext-extractor,extractor
stefina/ckanext-maillog,maillog
stream-project/ckanext-dataretrieval,dataretrieval
stream-project/ckanext-qualityreports,qualityreports
stream-project/ckanext-streamtheme,STREAMtheme
stream-project/ckanext-tags,tags
supreshc-persistent/ckanext-cataloginventory,cataloginventory
taijiang-tw/ckanext-dga-stats,dga_stats
taijiang-tw/ckanext-taijiang,taijiang_datasets
tanmatt/ckanext-google_tag_manager,google_tag_manager
tanmayagrawal21/ckanext-resource-pagination,resource_pagination
tans1/ckanext-dataset-graph,dataset-graph
tans1/ckanext-dataset-graph,dataset_graph
tdt/ckanext-tdt,tdt
telefonicaid/ckanext-ngsiview,ngsiview
thehyve/ckanext-configpermission,configpermission
theinhnam/ckanext-keycloak-oauth,keycloak_oauth
thejimmyg/ckanext-parkinsons,parkinsons
thejuliekramer/ckanext-inventorytheme,inventorytheme
thenets/ckanext-dadosabertos,dadosabertos
thepaeth/ckanext-authsso,authsso
thiagoc01/ckanext-presencas,presencas
thobley/ckanext-delwpdata,delwpdata
thobley/ckanext-extrafield,extrafield
tlegette-gsa/Ty_ckanext-saml2auth,saml2auth
tlegette-gsa/Ty_ckanext-saml2auth,test_saml2auth
tlmat-unican/ckanext-dcat-ap-edp-mqa,dcat_ap_edp_mqa
tlmat-unican/ckanext-harvest-ngsild,harvest_ngsild
tlmat-unican/ckanext-oai-pmh-server,oai_pmh_server
tlmat-unican/ckanext-salted-template,salted_template
tobinus/ckanext-dataontosearch,dataontosearch_searching
tobinus/ckanext-dataontosearch,dataontosearch_tagging
toll/ckanext-tolltheme,tolltheme
transparencia-mg/ckanext-datapackage-creator,datapackage_creator
transparenzportalhamburg/ckanext-distributed-harvester,distributed_harvest
transparenzportalhamburg/ckanext-fulltext,fulltext_commands
transparenzportalhamburg/ckanext-fulltext,inforeg_solr_search
tum-gis/ckanext-grouphierarchy-sddi,display_group
tum-gis/ckanext-importerexporter-sddi,importerexporter
tum-gis/ckanext-relation-sddi,relation
turbomanson/ckanext-nhdp,nhdp
ubdc-IT/ckanext-ubdcschema,ubdc_dcatSchema
ucigenomics/ckanext-p01als_theme,p01als_theme
ucigenomics/ckanext-p30skin_theme,p30skin_theme
ucigenomics/ckanext-u54_theme,u54_theme
umich-biostatistics/ckanext-um_biostat_theme,um_biostat_theme
unckan/ckanext-datasetpreview,datasetpreview
unckan/ckanext-dbquery,dbquery
unckan/ckanext-mcp,mcp
unckan/ckanext-push-errors,push_errors
unckan/ckanext-siu-harvester,siu
unckan/ckanext-siu-harvester,siu_transp_harvester
unckan/ckanext-superset,superset
unckan/ckanext-ui-universidad,ui_universidad
uq-eresearch/ckanext-midja,midja
urkonn/ckanext-slugs,org_slugs
usgin/ckanext-nrrc,nrrc_client
valentin0h/ckanext-termtranslate,termtranslation
vaquer/ckanext-dkan,dkan
vaquer/ckanext-dkan,dkan_harvester
vaquer/ckanext-mxopeness,mxopeness
vaquer/ckanext-mxtheme,mxtheme
vicding-mi/ckanext-isebel,isebel
victoryem/ckanext-pero,pero
virgoaugustine/ckanext-userlocation_extension,userlocation_extension
vrk-kpa/ckanext-apis,apis
vrk-kpa/ckanext-drupal8,drupal8
vrk-kpa/ckanext-fluentall,fluentall_grp
vrk-kpa/ckanext-fluentall,fluentall_org
vrk-kpa/ckanext-fluentall,fluentall_pkg
vrk-kpa/ckanext-fluentall,fluentall_res
vrk-kpa/ckanext-forcetranslation,forcetranslation
vrk-kpa/ckanext-markdown_editor,markdown_editor
vrk-kpa/ckanext-matomo,matomo
vrk-kpa/ckanext-matomo,matomo_dataset_report
vrk-kpa/ckanext-matomo,matomo_location_report
vrk-kpa/ckanext-matomo,matomo_resource_report
vrk-kpa/ckanext-matomo,matomo_search_terms_report
vrk-kpa/ckanext-organizationapproval,organizationapproval
vrk-kpa/ckanext-sixodp_showcasesubmit,sixodp_showcasesubmit
vrk-kpa/ckanext-statistics,publisher_activity_report
vrk-kpa/ckanext-statistics,statistics
vrk-kpa/ckanext-xroad_integration,wsdl_view
vrk-kpa/ckanext-xroad_integration,xroad_harvester
vrk-kpa/ckanext-xroad_integration,xroad_integration
vrk-kpa/ckanext-ytp-comments,ytp_comments
vrk-kpa/ckanext-ytp-request,ytp_request
vulekamali/ckanext-satreasury,satreasury-dataset
vulekamali/ckanext-satreasury,satreasury-organization
vulekamali/ckanext-satreasury,satreasury-search
vulekamali/ckanext-satreasury,satreasury-security
vulekamali/ckanext-satreasury,satreasury-similar-datasets
wake-ua/ckanext-wakeua,wakeua
wardi/ckanext-fileedit,file_edit
wardi/ckanext-geocodejob,geocode_job
whiskyechobravo/ckanext-desq,desq
whythawk/ckanext-odata,odata
yacme/ckanext-googleauth,googleauth
ylchan87/ckanext-landdbcustomize,landdbcustomize
younixue3/ckanext-mahulu,mahulu
ytgov/ckanext-yukondesign,yukondesign
zbw/ckanext-dara,dara
zbw/ckanext-edawax,edawax
zelima/ckanext-lincolnshire,lincolnshire
zemantic/ckanext-srilanka,sldata_theme
