tstamp,name,url,num_datasets,num_groups,num_organizations,ckan_version,extensions
2026-02-08,viseu-dao-lafoes-open-data-portal,http://128.199.41.97:5000,90,6,15,2.9.3,"[""stats"", ""text_view"", ""image_view"", ""recline_view"", ""datastore"", ""datapusher"", ""geojson_view"", ""shp_view"", ""resource_proxy""]"
2026-02-08,ambar-datastore,http://ambar.utpl.edu.ec,0,0,0,,
2026-02-08,torino-open-data,http://aperto.comune.torino.it,2061,23,8,2.8.1,"[""resource_proxy"", ""stats"", ""text_view"", ""image_view"", ""recline_view"", ""multilang"", ""multilang_harvester"", ""harvest"", ""ckan_harvester"", ""spatial_metadata"", ""spatial_query"", ""geonetwork_harvester"", ""dcat"", ""dcat_rdf_harvester"", ""dcat_json_harvester"", ""dcat_json_interface"", ""structured_data"", ""dcatapit_pkg"", ""dcatapit_org"", ""dcatapit_config"", ""dcatapit_harvester"", ""dcatapit_csw_harvester"", ""discovery"", ""search_suggestions"", ""tag_cloud"", ""similar_datasets"", ""apertocomunetorinoit""]"
2026-02-08,athens-geodata-labs,http://catalog.publicamundi.eu,0,0,0,,
2026-02-08,the-queen-sirikit-department-of-sericulture-data-catalog,http://catalog.qsds.go.th,0,0,0,,
2026-02-08,savenow-sddi-catalog,http://catalog.savenow.de,0,0,0,,
2026-02-08,naples-economics-data-archive,http://ckan.acs.beniculturali.it,56,3,3,2.4.1,"[""stats"", ""text_view"", ""image_view"", ""recline_view"", ""datastore"", ""datapusher"", ""pdf_view""]"
2026-02-08,ckancitydatapl,http://ckan.citydata.pl,7,7,6,2.10.1,"[""activity"", ""stats"", ""text_view"", ""image_view"", ""recline_view"", ""webpage_view"", ""recline_graph_view"", ""recline_map_view""]"
2026-02-08,ckancorilait,http://ckan.corila.it/,19,2,2,2.8.2,"[""stats"", ""text_view"", ""image_view"", ""recline_view"", ""datastore"", ""pdf_view"", ""resource_proxy"", ""geo_view"", ""webpage_view""]"
2026-02-08,accounting-system-department-of-water-resources,http://ckan.dwr.go.th,41,9,7,2.10.7,"[""thai_gdc"", ""showcase"", ""stats"", ""opendstats"", ""activity"", ""image_view"", ""datatables_view"", ""text_view"", ""webpage_view"", ""resource_proxy"", ""geo_view"", ""geojson_view"", ""shp_view"", ""xloader"", ""datastore"", ""pdf_view"", ""dcat"", ""dcat_json_interface"", ""structured_data"", ""scheming_datasets"", ""hierarchy_display"", ""hierarchy_form"", ""envvars""]"
2026-02-08,ckannationalhealthorth,http://ckan.nationalhealth.or.th,0,0,0,,
2026-02-08,ckanvecgoth,http://ckan.vec.go.th,0,0,0,,
2026-02-08,meloa-oceanographic-data,http://cloud150.ncg.ingrid.pt,0,0,0,,
2026-02-08,gia-lai-database,http://csdlcntmgialai.gov.vn,99,14,9,2.5.3,"[""stats"", ""text_view"", ""image_view"", ""recline_view"", ""datastore"", ""pdf_view"", ""officedocs_view"", ""datamx_theme"", ""datapusher"", ""hierarchy_display"", ""hierarchy_form"", ""ord_hierarchy"", ""pages""]"
2026-02-08,dadesobertesseuecat,http://dadesobertes.seu-e.cat,0,0,0,,
2026-02-08,culture-data-portal-portal-de-dados-da-cultura,http://dados.cultura.gov.br,0,0,0,,
2026-02-08,ifms-open-data-portal,http://dados.ifms.edu.br,0,0,0,,
2026-02-08,ifrs-open-data-portal,http://dados.ifrs.edu.br,0,0,0,,
2026-02-08,natal-urban-mobility-data-portal,http://dados.natal.br,19,1,1,2.7.3,"[""pdf_view"", ""resource_proxy"", ""recline_view"", ""stats"", ""text_view"", ""image_view"", ""datastore"", ""datapusher"", ""geo_view"", ""pages"", ""harvest"", ""ckan_harvester""]"
2026-02-08,sao-paulo-open-data-portal,http://dados.prefeitura.sp.gov.br,0,0,0,,
2026-02-08,ufop-open-data,http://dados.ufop.br,0,0,0,,
2026-02-08,ufpel-open-data,http://dados.ufpel.tche.br,0,0,0,,
2026-02-08,ufsj-open-data-portal,http://dados.ufsj.edu.br,12,11,1,2.5.2,"[""stats"", ""text_view"", ""image_view"", ""recline_view"", ""webpage_view"", ""recline_grid_view"", ""datastore"", ""datapusher"", ""example_theme"", ""noregistration""]"
2026-02-08,ufsm-open-data,http://dados.ufsm.br,17,6,1,2.7.2,"[""stats"", ""text_view"", ""image_view"", ""recline_view""]"
2026-02-08,unifei-open-data,http://dados.unifei.edu.br,34,6,1,2.8.0,"[""stats"", ""text_view"", ""image_view"", ""recline_view"", ""datastore"", ""datapusher"", ""unifei_theme""]"
2026-02-08,ufma-open-data-portal,http://dadosabertos.ufma.br,0,0,0,,
2026-02-08,unilab-open-data-dados-abertos-unilab,http://dadosabertos.unilab.edu.br,0,0,0,,
2026-02-08,agriculture-littorale-data-catalog,http://data.agriculturelittorale.fr,2797,6,3,2.9.5,"[""stats"", ""text_view"", ""image_view"", ""recline_view"", ""spatial_metadata"", ""spatial_query"", ""taxonomy"", ""scheming_datasets"", ""resource_proxy"", ""geo_view"", ""alf_theme"", ""restricted"", ""composite""]"
2026-02-08,open-government-data-of-bangkok,http://data.bangkok.go.th,0,0,0,,
2026-02-08,databeatonanet,http://data.beatona.net,0,0,0,,
2026-02-08,bolzano-opendata-portal,http://data.civis.bz.it,0,0,0,,
2026-02-08,connecticut-open-data-portal,http://data.ctdata.org,226,29,23,2.4.2,"[""stats"", ""text_preview"", ""recline_preview"", ""datastore"", ""datapusher"", ""ctdata_theme"", ""webhooks"", ""datarequests"", ""odata"", ""recline_view"", ""recline_grid_view"", ""recline_graph_view"", ""webpage_view""]"
2026-02-08,accounting-system-department-of-mineral-resources,http://data.dmr.go.th,0,0,0,,
2026-02-08,romania-open-data-portal,http://data.gov.ro,0,0,0,,
2026-02-08,ibb,http://data.ibb.gov.tr,0,0,0,,
2026-02-08,ieat-data-catalog,http://data.ieat.go.th,51,18,148,2.10.7,"[""thai_gdc"", ""showcase"", ""stats"", ""opendstats"", ""activity"", ""image_view"", ""datatables_view"", ""text_view"", ""webpage_view"", ""resource_proxy"", ""datastore"", ""xloader"", ""geo_view"", ""geojson_view"", ""shp_view"", ""pdf_view"", ""dcat"", ""dcat_json_interface"", ""structured_data"", ""scheming_datasets"", ""hierarchy_display"", ""hierarchy_form""]"
2026-02-08,international-institute-of-tropical-agriculture,http://data.iita.org,0,0,0,,
2026-02-08,integrated-ocean-observing-system-catalog,http://data.ioos.us,0,0,0,,
2026-02-08,national-access-point,http://data.nap.gov.gr,0,0,0,,
2026-02-08,open-state-data-portal,http://data.openstate.eu,0,0,0,,
2026-02-08,portal-of-open-data-from-the-ggm-ras,http://data.sgm.ru,50,2,1,2.7.2,"[""stats"", ""viewhelpers"", ""text_view"", ""image_view"", ""recline_view"", ""recline_grid_view"", ""datastore"", ""datapusher"", ""spatial_metadata"", ""spatial_query"", ""spatialUI"", ""pdf_view"", ""webpage_view"", ""piechart"", ""pages"", ""hierarchy_display"", ""hierarchy_form"", ""findfull"", ""exhibit"", ""list"", ""listdeposits"", ""listmono"", ""sgm_help"", ""sgm_monographic""]"
2026-02-08,plymouth-data-place,http://dataplay.org.uk,0,0,0,,
2026-02-08,dataportalsaeriorg,http://dataportal.saeri.org,0,0,0,,
2026-02-08,opendata-matera,http://dati.comune.matera.it,0,0,0,,
2026-02-08,opendata-tuscany-region,http://dati.toscana.it,0,0,0,,
2026-02-08,datiustatmiurit,http://dati.ustat.miur.it,0,0,0,,
2026-02-08,mexico-open-data-portal,http://datos.codeandomexico.org,0,0,0,,
2026-02-08,rosario-city-council-data-portal,http://datos.concejorosario.gov.ar,337,11,1,2.6.2,"[""stats"", ""text_view"", ""image_view"", ""recline_view"", ""datastore"", ""datapusher"", ""pdf_view"", ""webpage_view"", ""recline_graph_view"", ""pda"", ""pages"", ""piechart"", ""basicgrid"", ""resource_proxy"", ""wmts_view"", ""geo_view"", ""geojson_view""]"
2026-02-08,crespo-open-data,http://datos.crespo.gob.ar,0,0,0,,
2026-02-08,open-data-from-the-secretary-of-energy-datos-abiertos-de-la-secretaria-de-energia,http://datos.energia.gob.ar,178,20,21,2.7.4,"[""stats"", ""text_view"", ""image_view"", ""recline_view"", ""viewhelpers"", ""pdf_view"", ""linechart"", ""barchart"", ""piechart"", ""hierarchy_display"", ""hierarchy_form"", ""gobar_theme"", ""datastore"", ""datapusher"", ""odata"", ""googleanalytics"", ""seriestiempoarexplorer"", ""datajson_harvest"", ""datajson"", ""harvest"", ""ckan_harvester""]"
2026-02-08,chilean-open-data-portal,http://datos.gob.cl,0,0,0,,
2026-02-08,open-data-caba-legislature,http://datos.legislatura.gob.ar,53,10,2,2.7.5,"[""stats"", ""text_view"", ""image_view"", ""recline_view"", ""hierarchy_display"", ""hierarchy_form"", ""dcat"", ""structured_data"", ""gobar_theme"", ""datastore"", ""datapusher"", ""seriestiempoarexplorer"", ""googleanalytics""]"
2026-02-08,energia-argentina-datos-abiertos,http://datos.minem.gob.ar,178,20,21,2.7.4,"[""stats"", ""text_view"", ""image_view"", ""recline_view"", ""viewhelpers"", ""pdf_view"", ""linechart"", ""barchart"", ""piechart"", ""hierarchy_display"", ""hierarchy_form"", ""gobar_theme"", ""datastore"", ""datapusher"", ""odata"", ""googleanalytics"", ""seriestiempoarexplorer"", ""datajson_harvest"", ""datajson"", ""harvest"", ""ckan_harvester""]"
2026-02-08,quilmes-government-data,http://datos.quilmes.gov.ar,57,12,12,2.7.6,"[""stats"", ""text_view"", ""image_view"", ""recline_view"", ""hierarchy_display"", ""hierarchy_form"", ""dcat"", ""structured_data"", ""gobar_theme"", ""datastore"", ""datapusher"", ""seriestiempoarexplorer"", ""googleanalytics""]"
2026-02-08,ministry-of-health-open-data,http://datos.salud.gob.ar,0,0,0,,
2026-02-08,datostechoorg,http://datos.techo.org,0,0,0,,
2026-02-08,datosyerbabuenagobar,http://datos.yerbabuena.gob.ar,0,0,0,,
2026-02-08,mendoza-deputies-open-data,http://datosabiertos.hcdmza.gob.ar,0,0,0,,
2026-02-08,datosabiertosmalagaeu,http://datosabiertos.malaga.eu,0,0,0,,
2026-02-08,datosabiertosmercedesgobar,http://datosabiertos.mercedes.gob.ar,0,0,0,,
2026-02-08,open-data-of-the-university-observatory-of-the-city,http://datosabiertos.ufasta.edu.ar,0,0,0,,
2026-02-08,sesmim-knowledge-portal,http://edu.mrpam.gov.mn,301,5,9,2.8.1,"[""stats"", ""text_view"", ""image_view"", ""recline_view"", ""recline_grid_view"", ""recline_graph_view"", ""pdf_view"", ""resource_proxy"", ""sesmim""]"
2026-02-08,national-housing-authority-data-catalog,http://gdcatalog.nha.co.th,0,0,0,,
2026-02-08,greece-geodata-portal,http://geodata.gov.gr,0,0,0,,
2026-02-08,municipality-of-goya-open-data-portal,http://goy-cte-datos.paisdigital.modernizacion.gob.ar,83,0,62,2.7.5,"[""stats"", ""text_view"", ""image_view"", ""recline_view"", ""hierarchy_display"", ""hierarchy_form"", ""dcat"", ""structured_data"", ""gobar_theme"", ""datastore"", ""datapusher"", ""googleanalytics""]"
2026-02-08,hainan-data-portal,http://haidatas.cn,0,0,0,,
2026-02-08,linbuedatospaisdigitalmodernizaciongobar,http://lin-bue-datos.paisdigital.modernizacion.gob.ar,152,11,12,2.7.5,"[""stats"", ""text_view"", ""image_view"", ""recline_view"", ""hierarchy_display"", ""hierarchy_form"", ""dcat"", ""structured_data"", ""gobar_theme"", ""datastore"", ""datapusher"", ""googleanalytics""]"
2026-02-08,lujan-open-data,http://luj-bue-datos.paisdigital.innovacion.gob.ar,176,12,14,2.7.6,"[""stats"", ""text_view"", ""image_view"", ""recline_view"", ""hierarchy_display"", ""hierarchy_form"", ""dcat"", ""structured_data"", ""gobar_theme"", ""datastore"", ""datapusher"", ""seriestiempoarexplorer"", ""googleanalytics""]"
2026-02-08,opendatanasuopendatastackjp,http://opendata-nasu.opendatastack.jp,0,0,0,,
2026-02-08,csu-open-data-portal,http://opendata.calstate.edu,0,0,0,,
2026-02-08,higashihiroshima-city-open-data-catalog-site,http://opendata.city.higashihiroshima.lg.jp,0,0,0,,
2026-02-08,ibaraki-city-open-data-portal-site,http://opendata.city.ibaraki.osaka.jp,126,6,1,2.5.3,"[""stats"", ""text_view"", ""image_view"", ""recline_view"", ""datastore"", ""datapusher""]"
2026-02-08,ko-obrzeg-gis-open-data,http://opendata.gis.kolobrzeg.pl,71,14,5,2.10.4,"[""activity"", ""datastore""]"
2026-02-08,ipst-open-data,http://opendata.ipst.ac.th,0,0,0,,
2026-02-08,open-data-portal-of-the-ruhr-metropolis,http://opendata.ruhr,0,0,0,,
2026-02-08,open-data-ruhr,http://opendata.rvr.ruhr,0,0,0,,
2026-02-08,sidoarjo-regency-open-data,http://opendata.sidoarjokab.go.id,0,0,0,,
2026-02-08,opendatasitcanes,http://opendata.sitcan.es,0,0,0,,
2026-02-08,higashiura-town-open-data-catalog-site,http://opendata.town.aichi-higashiura.lg.jp,46,10,1,2.4.1,"[""stats"", ""text_view"", ""image_view"", ""recline_view"", ""datastore"", ""datapusher""]"
2026-02-08,opendatavubpcz,http://opendata.vubp.cz,0,0,0,,
2026-02-08,water-jpi-open-data,http://opendata.waterjpi.eu,0,0,0,,
2026-02-08,municipality-of-ezeiza-open-data-portal-buenos-aires,http://pe.181.209.63.227.nip.io,0,0,0,,
2026-02-08,pergamino-open-data,http://per-bue-datos.paisdigital.modernizacion.gob.ar,0,0,0,,
2026-02-08,igg-knowledge-portal,http://portal.igg.ac.mn,1043,8,11,2.8.1,"[""stats"", ""text_view"", ""image_view"", ""recline_view"", ""recline_grid_view"", ""recline_graph_view"", ""pdf_view"", ""resource_proxy"", ""theme""]"
2026-02-08,merit-mongolia-data-portal,http://portal.merit.mn,201,3,13,2.8.1,"[""stats"", ""text_view"", ""image_view"", ""recline_view"", ""recline_grid_view"", ""recline_graph_view"", ""pdf_view"", ""resource_proxy"", ""merit""]"
2026-02-08,probolinggo-regency-one-data,http://satudata.probolinggokab.go.id,0,0,0,,
2026-02-08,sbsopendataekitistategovng,http://sbsopendata.ekitistate.gov.ng,37,17,6,2.9.1,"[""stats"", ""text_view"", ""image_view"", ""recline_view"", ""ekiti_theme""]"
2026-02-08,central-valley-housing-data-repository,http://valleyhousingrepository.library.fresnostate.edu,34,3,6,2.8.3,"[""openafrica"", ""stats"", ""text_view"", ""image_view"", ""recline_view"", ""datastore"", ""datapusher"", ""resource_proxy"", ""geo_view"", ""pages"", ""harvest"", ""ckan_harvester""]"
2026-02-08,tunisia-culture-open-data,http://www.openculture.gov.tn,329,12,18,2.5.3,"[""resource_proxy"", ""stats"", ""text_view"", ""image_view"", ""recline_view"", ""recline_map_view"", ""webpage_view"", ""datastore"", ""datapusher"", ""disqus"", ""harvest"", ""ckan_harvester"", ""pages"", ""pdf_view"", ""dcat"", ""dcat_rdf_harvester"", ""dcat_json_harvester"", ""dcat_json_interface"", ""geojson_view"", ""spatial_metadata"", ""spatial_query"", ""linechart"", ""barchart"", ""piechart"", ""basicgrid"", ""navigablemap"", ""choroplethmap"", ""panamatheme"", ""contact"", ""archiver"", ""report"", ""qa"", ""gallery_view"", ""rating"", ""googleanalytics"", ""datarequests"", ""noregistration""]"
2026-02-08,izmir-metropolitan-municipality-open-data-portal,https://acikveri.bizizmir.com,0,0,0,,
2026-02-08,konya-metropolitan-municipality-open-data-platform,https://acikveri.konya.bel.tr,0,0,0,,
2026-02-08,open-data-ni,https://admin.opendatani.gov.uk,0,0,0,,
2026-02-08,aids-data-repository,https://adr.unaids.org,0,0,0,,
2026-02-08,arctic-permafrost-geospatial-centre,https://apgc.awi.de,0,0,0,,
2026-02-08,food-security-portal-data,https://api.foodsecurityportal.org,0,0,0,,
2026-02-08,alaska-arctic-geoecological-atlas-aaga,https://arcticatlas.geobotany.org,0,0,0,,
2026-02-08,finnish-transport-infrastructure-data,https://avoindata.fi/data,0,0,0,,
2026-02-08,pangaea-data-discovery-portal,https://b2find.eudat.eu,0,0,0,,
2026-02-08,ballarat-open-data,https://ballaratopendata.org.au,0,0,0,,
2026-02-08,data-catalog-cooperative-auditing-department,https://cadckan.cad.go.th,0,0,0,,
2026-02-08,canadian-watershed-information-network-canadian-watershed-information-network,https://canwin-datahub.ad.umanitoba.ca,0,0,0,,
2026-02-08,kanazawa-city-open-data-portal,https://catalog-data.city.kanazawa.ishikawa.jp,0,0,0,,
2026-02-08,intaros-data-catalogue,https://catalog-intaros.nersc.no,0,0,0,,
2026-02-08,kobe-city-open-data-portal,https://catalog.city.kobe.lg.jp,0,0,0,,
2026-02-08,catalogcityutsunomiyatochigijp,https://catalog.city.utsunomiya.tochigi.jp,0,0,0,,
2026-02-08,city-data-platform,https://catalog.citydata.in.th,0,0,0,,
2026-02-08,catalogcustomsgoth,https://catalog.customs.go.th,0,0,0,,
2026-02-08,faa-data-catalog,https://catalog.data.faa.gov,0,0,0,,
2026-02-08,u-s-government-open-data,https://catalog.data.gov,0,0,0,,
2026-02-08,chofu-city-open-data-catalog,https://catalog.data.metro.tokyo.lg.jp,0,0,0,,
2026-02-08,dmh-data-catalog-dmh-data-catalog,https://catalog.dmh.go.th,0,0,0,,
2026-02-08,dpim-data-catalog,https://catalog.dpim.go.th,0,0,0,,
2026-02-08,dvrpc-data-portal,https://catalog.dvrpc.org,0,0,0,,
2026-02-08,catalog-platform-of-the-digital-twin-munich,https://catalog.dzm.gis.lrg.tum.de,0,0,0,,
2026-02-08,alaska-epscor-central-portal,https://catalog.epscor.alaska.edu,0,0,0,,
2026-02-08,open-data-dof-ckan-department-of-fisheries-data-catalog,https://catalog.fisheries.go.th,0,0,0,,
2026-02-08,catalog-platform-smart-cities-and-regions-bavaria,https://catalog.gis.lrg.tum.de,0,0,0,,
2026-02-08,accounting-system-office-of-the-permanent-secretary-ministry-of-finance,https://catalog.mof.go.th,0,0,0,,
2026-02-08,nso-data-catalog,https://catalog.nso.go.th,0,0,0,,
2026-02-08,onesqa-data-catalog,https://catalog.onesqa.or.th,0,0,0,,
2026-02-08,kanagawa-prefecture-open-data-catalog,https://catalog.opendata.pref.kanagawa.jp,0,0,0,,
2026-02-08,catalogqsdsgoth,https://catalog.qsds.go.th,0,0,0,,
2026-02-08,measure-up-data-catalog,https://catalog.riits.net,0,0,0,,
2026-02-08,accounting-system-of-the-office-of-the-state-enterprise-policy-committee,https://catalog.sepo.go.th,0,0,0,,
2026-02-08,sso-data-catalog,https://catalog.sso.go.th,0,0,0,,
2026-02-08,travel-link-tourism-data-catalog-ckan,https://catalog.travellink.go.th,0,0,0,,
2026-02-08,pba-open-data,https://catalogo.datos.gba.gob.ar,0,0,0,,
2026-02-08,villanueva-de-la-serena-data-catalog,https://catalogo.villanuevadelaserena.es,0,0,0,,
2026-02-08,uruguay-national-open-data-catalog,https://catalogodatos.gub.uy,0,0,0,,
2026-02-08,cioos-pacific-data-catalog,https://catalogue.cioos.ca,0,0,0,,
2026-02-08,cioos-atlantic-data-catalogue,https://catalogue.cioosatlantic.ca,0,0,0,,
2026-02-08,cioos-pacific-ocean-data-catalogue,https://catalogue.cioospacific.ca,0,0,0,,
2026-02-08,bc-data-catalogue,https://catalogue.data.gov.bc.ca,0,0,0,,
2026-02-08,new-zealand-government-data,https://catalogue.data.govt.nz,0,0,0,,
2026-02-08,wa-government-open-data,https://catalogue.data.wa.gov.au,0,0,0,,
2026-02-08,cataloguedevcioosatlanticca,https://catalogue.dev.cioosatlantic.ca,0,0,0,,
2026-02-08,hakai-data-catalogue,https://catalogue.hakai.org,0,0,0,,
2026-02-08,fisheries-and-oceans-canada-data-catalog,https://catalogue.ogsl.ca,0,0,0,,
2026-02-08,ogsl-data-catalogue,https://catalogue.slgo.ca,0,0,0,,
2026-02-08,san-diego-county-data,https://civicdata.com,0,0,0,,
2026-02-08,d4science-catalogue,https://ckan-d4s.d4science.org,0,0,0,,
2026-02-08,dataplattform-malmo-dataplattform-malmo,https://ckan-malmo.dataplatform.se,0,0,0,,
2026-02-08,adh-data-portal,https://ckan.africadatahub.org,0,0,0,,
2026-02-08,americaview-ckan,https://ckan.americaview.org,0,0,0,,
2026-02-08,cabi-data-repository,https://ckan.cabi.org/data,0,0,0,,
2026-02-08,open-data-portal-of-the-city-of-mendoza,https://ckan.ciudaddemendoza.gob.ar,0,0,0,,
2026-02-08,rotterdam-data-portal,https://ckan.dataplatform.nl,0,0,0,,
2026-02-08,gerontomics-aging-research-data,https://ckan.dev.aging-research.group,0,0,0,,
2026-02-08,lwua-dip-lab-data-portal,https://ckan.diplab.uplb.edu.ph,0,0,0,,
2026-02-08,dsi-thailand-data-catalog,https://ckan.dsi.go.th,0,0,0,,
2026-02-08,dubno-city-council-s-open-data-portal,https://ckan.dubno-adm.rv.ua,0,0,0,,
2026-02-08,ckanearlhamacuk,https://ckan.earlham.ac.uk,0,0,0,,
2026-02-08,emac-exoplanet-data-repository,https://ckan.emac.gsfc.nasa.gov,0,0,0,,
2026-02-08,futr-hub-ckan-portal,https://ckan.futr-hub.de,0,0,0,,
2026-02-08,schleswig-holstein-govdata-portal,https://ckan.govdata.de,0,0,0,,
2026-02-08,ckangrassrootstools,https://ckan.grassroots.tools,0,0,0,,
2026-02-08,him-data-portal,https://ckan.himdataportal.com,0,0,0,,
2026-02-08,sapporo-city-data-portal,https://ckan.hoda.jp,0,0,0,,
2026-02-08,idp-india-s-extensive-public-datasets,https://ckan.indiadataportal.com,0,0,0,,
2026-02-08,digitalni-a-informacni-agentura-data,https://ckan.issi.gov.cz,0,0,0,,
2026-02-08,open-data-from-the-rio-de-janeiro-botanical-garden-research-institute,https://ckan.jbrj.gov.br,0,0,0,,
2026-02-08,mots-thailand-data-portal,https://ckan.mots.go.th,0,0,0,,
2026-02-08,gdansk-open-data,https://ckan.multimediagdansk.pl,0,0,0,,
2026-02-08,ckanodpjigjp,https://ckan.odp.jig.jp,0,0,0,,
2026-02-08,data-sets-openig,https://ckan.openig.org,0,0,0,,
2026-02-08,ckanpfsapporojp,https://ckan.pf-sapporo.jp,0,0,0,,
2026-02-08,akita-prefecture-open-data,https://ckan.pref.akita.lg.jp,0,0,0,,
2026-02-08,agueda-open-data-portal,https://ckan.sig.cm-agueda.pt,0,0,0,,
2026-02-08,open-data-of-the-siges-project,https://ckan.siges.sv,0,0,0,,
2026-02-08,ckansigessv,https://ckan.siges.sv/,0,0,0,,
2026-02-08,staging-futr-hub-ckan-portal,https://ckan.staging.futr-hub.de,0,0,0,,
2026-02-08,danubius-ri-data-portal,https://ckan.teorie.ro,0,0,0,,
2026-02-08,tirana-open-data-portal,https://ckan.tirana.al,0,0,0,,
2026-02-08,vec-data-catalog,https://ckan.vec.go.th,0,0,0,,
2026-02-08,syke-metadata-service,https://ckan.ymparisto.fi,0,0,0,,
2026-02-08,ckanymparistofi,https://ckan.ymparisto.fi/,0,0,0,,
2026-02-08,maritime-data-portal,https://ckanmtp.ymparisto.fi,0,0,0,,
2026-02-08,open-data-of-the-judicial-power-of-costa-rica,https://ckanpj.azurewebsites.net,0,0,0,,
2026-02-08,ncar-opensky-data-search,https://ckanprod-alma.ucar.edu,0,0,0,,
2026-02-08,corona-open-data,https://corona-open-data.ckan.de,0,0,0,,
2026-02-08,dadesobertesgvaes,https://dadesobertes.gva.es,0,0,0,,
2026-02-08,salou-open-data-portal,https://dadesobertes.salou.cat,0,0,0,,
2026-02-08,open-data-aoc-consortium,https://dadesobertes.seu-e.cat,0,0,0,,
2026-02-08,valls-open-data-portal,https://dadesobertes.valls.cat,0,0,0,,
2026-02-08,dadesobertesvallscat,https://dadesobertes.valls.cat/,0,0,0,,
2026-02-08,open-data-portal-of-the-ministry-of-agriculture-and-livestock,https://dados.agricultura.gov.br,0,0,0,,
2026-02-08,alagoas-in-data-and-information,https://dados.al.gov.br/catalogo,0,0,0,,
2026-02-08,antt-open-data-portal,https://dados.antt.gov.br,0,0,0,,
2026-02-08,open-data-portal-of-the-state-of-bahia,https://dados.ba.gov.br,0,0,0,,
2026-02-08,open-data-portal-cefet-rj,https://dados.cefet-rj.br,0,0,0,,
2026-02-08,ciga-open-data-portal,https://dados.ciga.sc.gov.br,0,0,0,,
2026-02-08,cvm-open-data-portal,https://dados.cvm.gov.br,0,0,0,,
2026-02-08,espirito-santo-open-data-portal,https://dados.es.gov.br,0,0,0,,
2026-02-08,cigets-public-data,https://dados.face.ufg.br,0,0,0,,
2026-02-08,brazilian-forest-service-data-portal,https://dados.florestal.gov.br,0,0,0,,
2026-02-08,ibict-open-data,https://dados.ibict.br,0,0,0,,
2026-02-08,ifpb-open-data-portal,https://dados.ifpb.edu.br,0,0,0,,
2026-02-08,ifrn-open-data-portal,https://dados.ifrn.edu.br,0,0,0,,
2026-02-08,open-data-ifro-dados-abertos-ifro,https://dados.ifro.edu.br,0,0,0,,
2026-02-08,dadosifrsedubr,https://dados.ifrs.edu.br,0,0,0,,
2026-02-08,open-data-ifsertaope-dados-abertos-ifsertaope,https://dados.ifsertao-pe.edu.br,0,0,0,,
2026-02-08,ifsp-open-data-portal,https://dados.ifsp.edu.br,0,0,0,,
2026-02-08,ifsuldeminas-open-data-portal,https://dados.ifsuldeminas.edu.br,0,0,0,,
2026-02-08,portugal-justice-open-data,https://dados.justica.gov.pt,0,0,0,,
2026-02-08,open-data-portal-of-the-state-of-minas-gerais,https://dados.mg.gov.br,0,0,0,,
2026-02-08,ministry-of-justice-and-public-security,https://dados.mj.gov.br,0,0,0,,
2026-02-08,mma-open-data-portal,https://dados.mma.gov.br,0,0,0,,
2026-02-08,ons-open-data,https://dados.ons.org.br,0,0,0,,
2026-02-08,pernambuco-open-data-portal,https://dados.pe.gov.br,0,0,0,,
2026-02-08,open-data-poa,https://dados.portoalegre.rs.gov.br,0,0,0,,
2026-02-08,open-data-portal-of-the-city-of-sao-paulo-portal-de-dados-abertos-da-cidade-de-sao-paulo,https://dados.prefeitura.sp.gov.br,0,0,0,,
2026-02-08,rio-grande-do-sul-data-portal,https://dados.rs.gov.br,0,0,0,,
2026-02-08,ministry-of-infrastructure,https://dados.transportes.gov.br,0,0,0,,
2026-02-08,ufba-open-data-portal,https://dados.ufba.br,0,0,0,,
2026-02-08,dadosufcbr,https://dados.ufc.br,0,0,0,,
2026-02-08,ufca-open-data-portal,https://dados.ufca.edu.br,0,0,0,,
2026-02-08,ufcspa-open-data,https://dados.ufcspa.edu.br,0,0,0,,
2026-02-08,dadosufesbr,https://dados.ufes.br,0,0,0,,
2026-02-08,uff-open-data-portal,https://dados.uff.br,0,0,0,,
2026-02-08,uffs-open-data,https://dados.uffs.edu.br,0,0,0,,
2026-02-08,ufg-open-data,https://dados.ufg.br,0,0,0,,
2026-02-08,federal-university-of-juiz-de-fora-data-portal,https://dados.ufjf.br,0,0,0,,
2026-02-08,ufla-open-data-portal,https://dados.ufla.br,0,0,0,,
2026-02-08,ufmg-dados-abertos,https://dados.ufmg.br,0,0,0,,
2026-02-08,ufpe-open-data-portal,https://dados.ufpe.br,0,0,0,,
2026-02-08,open-data-ufpi,https://dados.ufpi.br,0,0,0,,
2026-02-08,ufrb-open-data,https://dados.ufrb.edu.br,0,0,0,,
2026-02-08,open-data-ufrgs,https://dados.ufrgs.br,0,0,0,,
2026-02-08,ufrn-open-data,https://dados.ufrn.br,0,0,0,,
2026-02-08,ufs-open-data-portal,https://dados.ufs.br,0,0,0,,
2026-02-08,open-data-ufscar,https://dados.ufscar.br,0,0,0,,
2026-02-08,ufv-open-data-portal,https://dados.ufv.br,0,0,0,,
2026-02-08,dadosunifesspaedubr,https://dados.unifesspa.edu.br,0,0,0,,
2026-02-08,univasf-open-data-portal,https://dados.univasf.edu.br,0,0,0,,
2026-02-08,open-data-portal-of-the-central-bank-of-brazil,https://dadosabertos.bcb.gov.br,0,0,0,,
2026-02-08,bndes-open-data-portal,https://dadosabertos.bndes.gov.br,0,0,0,,
2026-02-08,capes-open-data,https://dadosabertos.capes.gov.br,0,0,0,,
2026-02-08,ibama-ibama,https://dadosabertos.ibama.gov.br,0,0,0,,
2026-02-08,ifal-open-data-portal,https://dadosabertos.ifal.edu.br,0,0,0,,
2026-02-08,dadosabertosifcedubr,https://dadosabertos.ifc.edu.br,0,0,0,,
2026-02-08,ifmg-open-data,https://dadosabertos.ifmg.edu.br,0,0,0,,
2026-02-08,iftm-open-data-portal,https://dadosabertos.iftm.edu.br,0,0,0,,
2026-02-08,dadosabertosinssgovbr,https://dadosabertos.inss.gov.br,0,0,0,,
2026-02-08,poa-open-data,https://dadosabertos.poa.br,0,0,0,,
2026-02-08,porto-open-data-portal,https://dadosabertos.porto.digital,0,0,0,,
2026-02-08,tse-open-data-portal,https://dadosabertos.tse.jus.br,0,0,0,,
2026-02-08,open-data-ufam,https://dadosabertos.ufam.edu.br,0,0,0,,
2026-02-08,ufersa-open-data,https://dadosabertos.ufersa.edu.br,0,0,0,,
2026-02-08,ufgd-open-data,https://dadosabertos.ufgd.edu.br,0,0,0,,
2026-02-08,dadosabertosufmabr,https://dadosabertos.ufma.br,0,0,0,,
2026-02-08,ufms-open-data-portal,https://dadosabertos.ufms.br,0,0,0,,
2026-02-08,open-data-ufpb,https://dadosabertos.ufpb.br,0,0,0,,
2026-02-08,unifesp-open-data,https://dadosabertos.unifesp.br,0,0,0,,
2026-02-08,kolomyia-city-open-data-portal,https://dani.kolrada.gov.ua,0,0,0,,
2026-02-08,unesco-operandum-data-catalog,https://data-catalogue.operandum-project.eu,0,0,0,,
2026-02-08,gstar-data-sharing-portal,https://data-portal.hpc.swin.edu.au,0,0,0,,
2026-02-08,norwegian-customs-data,https://data-test.toll.no,0,0,0,,
2026-02-08,west-aceh-open-data,https://data.acehbaratkab.go.id,0,0,0,,
2026-02-08,aceh-jaya-open-data,https://data.acehjayakab.go.id,0,0,0,,
2026-02-08,south-aceh-open-data,https://data.acehselatankab.go.id,0,0,0,,
2026-02-08,bira-iasb-data-repository,https://data.aeronomie.be,0,0,0,,
2026-02-08,amerigeoss-community-platform-datahub,https://data.amerigeoss.org,0,0,0,,
2026-02-08,hand-in-hand-platform-fao-catalog,https://data.apps.fao.org/catalog,0,0,0,,
2026-02-08,open-data-and-information-portal,https://data.asc-csa.gc.ca,0,0,0,,
2026-02-08,aurin-data-catalogue,https://data.aurin.org.au,0,0,0,,
2026-02-08,avinor-data-catalog-ckan,https://data.avinor.no,0,0,0,,
2026-02-08,one-data-balikpapan-satu-data-balikpapan,https://data.balikpapan.go.id,0,0,0,,
2026-02-08,databangkokgoth,https://data.bangkok.go.th,0,0,0,,
2026-02-08,north-bengkulu-one-data,https://data.bengkuluutarakab.go.id,0,0,0,,
2026-02-08,digitwin-databank,https://data.beta.geodan.nl,0,0,0,,
2026-02-08,belgian-biodiversity-data-portal,https://data.biodiversity.be,0,0,0,,
2026-02-08,new-zealand-s-biological-heritage-data-repository,https://data.bioheritage.nz,0,0,0,,
2026-02-08,city-of-birmingham,https://data.birminghamal.gov,0,0,0,,
2026-02-08,fukuoka-prefecture-open-data-catalog,https://data.bodik.jp,0,0,0,,
2026-02-08,boston-open-data,https://data.boston.gov,0,0,0,,
2026-02-08,managing-research-data-staff-university-of-bristol,https://data.bris.ac.uk,0,0,0,,
2026-02-08,university-of-bristol-data-repository,https://data.bris.ac.uk/data,0,0,0,,
2026-02-08,buenos-aires-data,https://data.buenosaires.gob.ar,0,0,0,,
2026-02-08,california-open-data,https://data.ca.gov,0,0,0,,
2026-02-08,capitol-data-portal,https://data.capitol.texas.gov,0,0,0,,
2026-02-08,columbia-basin-water-hub,https://data.cbwaterhub.ca,0,0,0,,
2026-02-08,dataccrpcorg,https://data.ccrpc.org,0,0,0,,
2026-02-08,taiwan-cdc-open-data-portal-taiwan-cdc-open-data-portal,https://data.cdc.gov.tw,0,0,0,,
2026-02-08,california-health-and-human-services-open-data-portal,https://data.chhs.ca.gov,0,0,0,,
2026-02-08,newark-open-data,https://data.ci.newark.nj.us,0,0,0,,
2026-02-08,open-data-catalog-site,https://data.city.fukuyama.hiroshima.jp,0,0,0,,
2026-02-08,yokohama-city-open-data-portal,https://data.city.yokohama.lg.jp,0,0,0,,
2026-02-08,city-of-denton-open-data,https://data.cityofdenton.com,0,0,0,,
2026-02-08,open-data-portal-south-tyrol-open-data-portal-south-tyrol,https://data.civis.bz.it,0,0,0,,
2026-02-08,california-natural-resources-agency-open-data,https://data.cnra.ca.gov,0,0,0,,
2026-02-08,the-home-of-open-data-in-cork,https://data.corkcity.ie,0,0,0,,
2026-02-08,datactbeus,https://data.ctb.eus,0,0,0,,
2026-02-08,citizen-data-portal,https://data.data4citizen.jp,0,0,0,,
2026-02-08,dathere-data-catalog,https://data.dathere.com/,0,0,0,,
2026-02-08,deli-serdang-one-data,https://data.deliserdangkab.go.id,0,0,0,,
2026-02-08,demak-regency-open-data,https://data.demakkab.go.id,0,0,0,,
2026-02-08,depositar-deposit-discover-reuse,https://data.depositar.io,0,0,0,,
2026-02-08,data-accounting-department-of-science-service,https://data.dss.go.th,0,0,0,,
2026-02-08,ecosis-spectral-library,https://data.ecosis.org,0,0,0,,
2026-02-08,department-of-education-open-data-platform,https://data.ed.gov,0,0,0,,
2026-02-08,fid-move-research-data-repository,https://data.fid-move.de,0,0,0,,
2026-02-08,gayo-lues-open-data,https://data.gayolueskab.go.id,0,0,0,,
2026-02-08,gender-data-lab,https://data.genderdatalab.org,0,0,0,,
2026-02-08,india-girl-education-data,https://data.girleducation.in,0,0,0,,
2026-02-08,open-government-data-of-thailand,https://data.go.th,0,0,0,,
2026-02-08,australian-government-data,https://data.gov.au,0,0,0,,
2026-02-08,ireland-open-data-portal,https://data.gov.ie,0,0,0,,
2026-02-08,open-data-kyrgyzstan,https://data.gov.kg,0,0,0,,
2026-02-08,latvian-open-data-portal,https://data.gov.lv,0,0,0,,
2026-02-08,data-gov-ro-data-gov-ro,https://data.gov.ro,0,0,0,,
2026-02-08,government-of-the-republic-of-trinidad-and-tobago-open-data-platform,https://data.gov.tt,0,0,0,,
2026-02-08,datagovua,https://data.gov.ua,0,0,0,,
2026-02-08,mauritius-opendata-portal,https://data.govmu.org,0,0,0,,
2026-02-08,h-mat-materials-data-hub,https://data.h-mat.org,0,0,0,,
2026-02-08,hospital-quality-accreditation-institute,https://data.ha.or.th,0,0,0,,
2026-02-08,to-get-down-satudata,https://data.halmaherautarakab.go.id,0,0,0,,
2026-02-08,nasa-harvest-portal,https://data.harvestportal.org,0,0,0,,
2026-02-08,hong-kong-public-policy-database,https://data.hkppdb.org,0,0,0,,
2026-02-08,city-of-houston-open-data,https://data.houstontx.gov,0,0,0,,
2026-02-08,geosphere-austria-data-hub,https://data.hub.geosphere.at,0,0,0,,
2026-02-08,datahubzamgacat,https://data.hub.zamg.ac.at,0,0,0,,
2026-02-08,humanitarian-data-exchange-find-use-crisis-data-hdx,https://data.humdata.org,0,0,0,,
2026-02-08,dataibbgovtr,https://data.ibb.gov.tr,0,0,0,,
2026-02-08,iita,https://data.iita.org,0,0,0,,
2026-02-08,istaka-inhil-one-independent-data,https://data.inhilkab.go.id,0,0,0,,
2026-02-08,dataioosus,https://data.ioos.us,0,0,0,,
2026-02-08,kalamazoo-open-data,https://data.kalamazoocity.org,0,0,0,,
2026-02-08,kaltara-one-data,https://data.kaltaraprov.go.id,0,0,0,,
2026-02-08,one-data-east-kalimantan,https://data.kaltimprov.go.id,0,0,0,,
2026-02-08,kampar-one-data,https://data.kamparkab.go.id,0,0,0,,
2026-02-08,kaohsiung-city-government-data-openness,https://data.kcg.gov.tw,0,0,0,,
2026-02-08,kildare-county-council-data,https://data.kildarecoco.ie,0,0,0,,
2026-02-08,datakutaitimurkabgoid,https://data.kutaitimurkab.go.id,0,0,0,,
2026-02-08,lamongan-data-portal,https://data.lamongankab.go.id,0,0,0,,
2026-02-08,educational-data-provision-system,https://data.mdsc.hokudai.ac.jp,0,0,0,,
2026-02-08,mhsi-open-data,https://data.mhesi.go.th,0,0,0,,
2026-02-08,city-of-milwaukee-open-data-portal,https://data.milwaukee.gov,0,0,0,,
2026-02-08,ethiopian-national-agri-data-hub,https://data.moa.gov.et,0,0,0,,
2026-02-08,nantou-county-government-open-data-platform,https://data.nantou.gov.tw,0,0,0,,
2026-02-08,national-astronomical-research-institute,https://data.narit.or.th,0,0,0,,
2026-02-08,nasa-open-data-portal,https://data.nasa.gov,0,0,0,,
2026-02-08,native-lands-data-portal,https://data.nativeland.info,0,0,0,,
2026-02-08,nbcomso-data-catalog,https://data.nbco.gov.ie,0,0,0,,
2026-02-08,natural-history-museum-data-portal,https://data.nhm.ac.uk,0,0,0,,
2026-02-08,international-year-of-the-salmon-data,https://data.npafc.org,0,0,0,,
2026-02-08,national-statistics-office,https://data.nsonepal.gov.np,0,0,0,,
2026-02-08,northern-territory-government-open-data-portal,https://data.nt.gov.au,0,0,0,,
2026-02-08,national-university-of-mongolia-open-data,https://data.num.edu.mn,0,0,0,,
2026-02-08,oklahoma-s-open-data,https://data.ok.gov,0,0,0,,
2026-02-08,ontario-data-catalogue-ontario-data-catalogue,https://data.ontario.ca,0,0,0,,
2026-02-08,bbmp-open-data-portal,https://data.opencity.in,0,0,0,,
2026-02-08,open-development-mekong-data,https://data.opendevelopmentmekong.net,0,0,0,,
2026-02-08,dataopenstateeu,https://data.openstate.eu,0,0,0,,
2026-02-08,data-opentransportdata-swiss,https://data.opentransportdata.swiss,0,0,0,,
2026-02-08,nationaal-georegister-data-catalog,https://data.overheid.nl/data,0,0,0,,
2026-02-08,pasaman-barat-data-portal,https://data.pasamanbaratkab.go.id,0,0,0,,
2026-02-08,pekalongan-city-data-portal,https://data.pekalongankota.go.id,0,0,0,,
2026-02-08,pesisir-selatan-data-portal,https://data.pesisirselatankab.go.id,0,0,0,,
2026-02-08,pidie-jaya-open-data,https://data.pidiejayakab.go.id,0,0,0,,
2026-02-08,pidie-regency-open-data,https://data.pidiekab.go.id,0,0,0,,
2026-02-08,idblab-ckan-service,https://data.pknu.ac.kr,0,0,0,,
2026-02-08,pompano-beach-open-data,https://data.pompanobeachfl.gov,0,0,0,,
2026-02-08,purbalingga-one-data,https://data.purbalinggakab.go.id,0,0,0,,
2026-02-08,renfe-open-data-portal,https://data.renfe.com,0,0,0,,
2026-02-08,datarsudtulungagunggoid,https://data.rsud.tulungagung.go.id,0,0,0,,
2026-02-08,south-australia-government-data,https://data.sa.gov.au/data,0,0,0,,
2026-02-08,open-data-san-antonio,https://data.sanantonio.gov,0,0,0,,
2026-02-08,san-jose-ca-open-data-portal,https://data.sanjoseca.gov,0,0,0,,
2026-02-08,santa-monica-open-data,https://data.santamonica.gov,0,0,0,,
2026-02-08,u-s-small-business-administration-open-data,https://data.sba.gov,0,0,0,,
2026-02-08,datasefaradcomtr,https://data.sefarad.com.tr,0,0,0,,
2026-02-08,skeena-salmon-data-catalogue,https://data.skeenasalmon.info,0,0,0,,
2026-02-08,dublin-s-open-data-portal,https://data.smartdublin.ie,0,0,0,,
2026-02-08,spatial-hub-scotland,https://data.spatialhub.scot,0,0,0,,
2026-02-08,open-data-zurich-city-of-zurich,https://data.stadt-zuerich.ch,0,0,0,,
2026-02-08,miyazaki-prefecture-statistics-data-catalog,https://data.stat.pref.miyazaki.lg.jp,0,0,0,,
2026-02-08,subak-climate-data-cooperative,https://data.subak.org,0,0,0,,
2026-02-08,sugar-land-s-open-data-portal,https://data.sugarlandtx.gov,0,0,0,,
2026-02-08,sukoharjo-district-opendata,https://data.sukoharjokab.go.id,0,0,0,,
2026-02-08,ubc-sustainability-data-portal,https://data.sustain.ubc.ca,0,0,0,,
2026-02-08,tainan-city-government-data-open-platform,https://data.tainan.gov.tw,0,0,0,,
2026-02-08,tanjung-jabung-barat-regency-one-data,https://data.tanjabbarkab.go.id,0,0,0,,
2026-02-08,center-of-excellence-in-biological-sciences,https://data.tcels.or.th,0,0,0,,
2026-02-08,open-data-tegal-regency,https://data.tegalkab.go.id,0,0,0,,
2026-02-08,health-promotion-foundation,https://data.thaihealth.or.th,0,0,0,,
2026-02-08,otemachi-marunouchi-yurakucho-data-library,https://data.tokyo-omy-w.jp,0,0,0,,
2026-02-08,datatollno,https://data.toll.no,0,0,0,,
2026-02-08,office-of-the-general-treasurer-data-portal,https://data.treasury.ri.gov,0,0,0,,
2026-02-08,trinidad-and-tobago-open-data,https://data.tt,0,0,0,,
2026-02-08,ncar-ucar-data-catalog,https://data.ucar.edu,0,0,0,,
2026-02-08,research-data-repository-of-luh,https://data.uni-hannover.de,0,0,0,,
2026-02-08,virginia-open-data-portal,https://data.virginia.gov,0,0,0,,
2026-02-08,water-pathogens-data-portal,https://data.waterpathogens.org,0,0,0,,
2026-02-08,fukuyama-city-open-data-catalog,https://data.win-h.jp,0,0,0,,
2026-02-08,winnipeg-metropolitan-region-data,https://data.winnipegmetroregion.ca,0,0,0,,
2026-02-08,western-pennsylvania-regional-data-center,https://data.wprdc.org,0,0,0,,
2026-02-08,wu-vienna-open-data-portal,https://data.wu.ac.at/portal,0,0,0,,
2026-02-08,city-of-york-open-data,https://data.yorkopendata.org,0,0,0,,
2026-02-08,open-data-portal-of-the-city-of-zagreb,https://data.zagreb.hr,0,0,0,,
2026-02-08,data2cerdieduau,https://data2.cerdi.edu.au,0,0,0,,
2026-02-08,dit-data-catalog,https://datacatalog.dit.go.th,0,0,0,,
2026-02-08,nbtc-open-data-catalog,https://datacatalog.nbtc.go.th,0,0,0,,
2026-02-08,agency-data-catalog,https://datacatalog.onde.go.th,0,0,0,,
2026-02-08,emilia-romagna-territory-data-catalog,https://datacatalog.regione.emilia-romagna.it/catalogCTA,0,0,0,,
2026-02-08,tusla-data-catalogue,https://datacatalog.tusla.ie,0,0,0,,
2026-02-08,psb-data-catalogue-psb-data-catalogue,https://datacatalogue.gov.ie,0,0,0,,
2026-02-08,mot-data-catalog,https://datagov.mot.go.th,0,0,0,,
2026-02-08,ce-data-hub,https://datahub.digicirc.eu,0,0,0,,
2026-02-08,openscience-eu-datahub,https://datahub.openscience.eu,0,0,0,,
2026-02-08,mexico-open-data,https://datamx.io,0,0,0,,
2026-02-08,knmi-data-platform,https://dataplatform.knmi.nl,0,0,0,,
2026-02-08,interact-data-portal,https://dataportal.eu-interact.org,0,0,0,,
2026-02-08,igf-pan-repository,https://dataportal.igf.edu.pl,0,0,0,,
2026-02-08,opdc-data-portal,https://dataportal.opdc.go.th,0,0,0,,
2026-02-08,senckenberg-data-catalog,https://dataportal.senckenberg.de,0,0,0,,
2026-02-08,sze-data-repository,https://datarepo.mathso.sze.hu,0,0,0,,
2026-02-08,shizuoka-city-open-data-catalog-site,https://dataset.city.shizuoka.jp,0,0,0,,
2026-02-08,moldova-open-data-portal,https://dataset.gov.md,0,0,0,,
2026-02-08,argentine-science-and-technology-data,https://datasets.datos.mincyt.gob.ar,0,0,0,,
2026-02-08,nsw-seed-data-portal,https://datasets.seed.nsw.gov.au,0,0,0,,
2026-02-08,home-page-wri-odp,https://datasets.wri.org,0,0,0,,
2026-02-08,manaaki-whenua-landcare-research-datastore,https://datastore.landcareresearch.co.nz,0,0,0,,
2026-02-08,npra-s-data-portal-statens-vegvesen,https://dataut.vegvesen.no,0,0,0,,
2026-02-08,data-portal-of-the-rhine-neckar-metropolitan-region,https://daten.digitale-mrn.de,0,0,0,,
2026-02-08,greenpeace-data-portal-environmental-data,https://daten.greenpeace.de,0,0,0,,
2026-02-08,arpac-campania-open-data,https://dati.arpacampania.it,0,0,0,,
2026-02-08,arpae-emilia-romagna-data,https://dati.arpae.it,0,0,0,,
2026-02-08,opendata-genova-smart,https://dati.comune.genova.it,0,0,0,,
2026-02-08,roma-capitale-open-data,https://dati.comune.roma.it/catalog,0,0,0,,
2026-02-08,consip-open-data-portal,https://dati.consip.it,0,0,0,,
2026-02-08,emilia-romagna-open-data,https://dati.emilia-romagna.it,0,0,0,,
2026-02-08,open-data-lazio-open-data-lazio,https://dati.lazio.it,0,0,0,,
2026-02-08,open-data-ministry-of-infrastructure-and-transport,https://dati.mit.gov.it/catalog,0,0,0,,
2026-02-08,datitoscanait,https://dati.toscana.it,0,0,0,,
2026-02-08,opendata-beta-university-of-bologna,https://dati.unibo.it,0,0,0,,
2026-02-08,open-data-of-higher-education,https://dati.ustat.miur.it,0,0,0,,
2026-02-08,matanza-riachuelo-basin-authority,https://datos.acumar.gob.ar,0,0,0,,
2026-02-08,datosacumargovar,https://datos.acumar.gov.ar,0,0,0,,
2026-02-08,alcobendas-data-portal,https://datos.alcobendas.org,0,0,0,,
2026-02-08,arsat-open-data-portal,https://datos.arsat.com.ar,0,0,0,,
2026-02-08,bahia-blanca-data-portal,https://datos.bahia.gob.ar,0,0,0,,
2026-02-08,corrientes-city-open-data-portal,https://datos.ciudaddecorrientes.gov.ar,0,0,0,,
2026-02-08,datosciudaddemendozagobar,https://datos.ciudaddemendoza.gob.ar,0,0,0,,
2026-02-08,datosciudaddemendozagovar,https://datos.ciudaddemendoza.gov.ar,0,0,0,,
2026-02-08,comunidad-de-madrid-data-catalog,https://datos.comunidad.madrid/catalogo,0,0,0,,
2026-02-08,guanajuato-state-congress-open-data,https://datos.congresogto.gob.mx,0,0,0,,
2026-02-08,supreme-court-open-data,https://datos.csjn.gov.ar,0,0,0,,
2026-02-08,pba-statistics-open-data,https://datos.estadistica.ec.gba.gov.ar,0,0,0,,
2026-02-08,argentina-open-data,https://datos.gob.ar,0,0,0,,
2026-02-08,datosgobcl,https://datos.gob.cl,0,0,0,,
2026-02-08,dr-open-data-portal-portal-de-datos-abiertos-de-la-rd,https://datos.gob.do,0,0,0,,
2026-02-08,icane-open-data-portal-portal-open-data-icane,https://datos.icane.es,0,0,0,,
2026-02-08,jesus-maria-data,https://datos.jesusmaria.gov.ar,0,0,0,,
2026-02-08,argentina-justice-data-portal,https://datos.jus.gob.ar,0,0,0,,
2026-02-08,data-portal-of-the-parliament-of-the-canary-islands,https://datos.parcan.es,0,0,0,,
2026-02-08,santa-fe-open-data,https://datos.santafe.gob.ar,0,0,0,,
2026-02-08,slp-health-data-portal,https://datos.slp.gob.mx,0,0,0,,
2026-02-08,open-data-from-the-secretariat-of-transport,https://datos.transporte.gob.ar,0,0,0,,
2026-02-08,buenos-aires-justice-data,https://datos.tsjbaires.gov.ar,0,0,0,,
2026-02-08,usina-tandil-data,https://datos.usinatandil.com.ar,0,0,0,,
2026-02-08,veracruz-ayuntamiento-data,https://datos.veracruzmunicipio.gob.mx,0,0,0,,
2026-02-08,open-data-municipality-of-comodoro-rivadavia,https://datos.vivamoscomodoro.gob.ar,0,0,0,,
2026-02-08,open-tourism-data-datos-abiertos-de-turismo,https://datos.yvera.gob.ar,0,0,0,,
2026-02-08,datosyveraturar,https://datos.yvera.tur.ar,0,0,0,,
2026-02-08,arganda-del-rey-town-hall-open-data-portal,https://datosabiertos.ayto-arganda.es,0,0,0,,
2026-02-08,badajoz-provincial-council-development-open-data,https://datosabiertos.dip-badajoz.es,0,0,0,,
2026-02-08,open-data-portal-of-the-cabildo-de-el-hierro,https://datosabiertos.elhierro.es,0,0,0,,
2026-02-08,panama-open-data,https://datosabiertos.gob.pa,0,0,0,,
2026-02-08,info-cdmx-open-data,https://datosabiertos.infocdmx.org.mx,0,0,0,,
2026-02-08,open-data-faculty-of-engineering,https://datosabiertos.ingenieria.usac.edu.gt,0,0,0,,
2026-02-08,datosabiertos-lapaz-bo,https://datosabiertos.lapaz.bo,0,0,0,,
2026-02-08,las-torres-de-cotillas-data,https://datosabiertos.lastorresdecotillas.es,0,0,0,,
2026-02-08,malaga-open-data-portal,https://datosabiertos.malaga.eu,0,0,0,,
2026-02-08,mendoza-open-data,https://datosabiertos.mendoza.gov.ar,0,0,0,,
2026-02-08,mercedes-open-data,https://datosabiertos.mercedes.gob.ar,0,0,0,,
2026-02-08,puertollano-open-data,https://datosabiertos.puertollano.es,0,0,0,,
2026-02-08,open-data-in-the-region-of-murcia,https://datosabiertos.regiondemurcia.es,0,0,0,,
2026-02-08,rivas-rivas,https://datosabiertos.rivasciudad.es,0,0,0,,
2026-02-08,san-juan-open-data,https://datosabiertos.sanjuan.gob.ar,0,0,0,,
2026-02-08,open-data-of-the-provincial-council-of-salamanca,https://datosabiertossalamanca.es,0,0,0,,
2026-02-08,datos-estadisticas-y-censos-cordoba-argentina,https://datosestadistica.cba.gov.ar/,0,0,0,,
2026-02-08,datos-abiertos-cordoba-argentina,https://datosgestionabierta.cba.gov.ar/,0,0,0,,
2026-02-08,prtr-retc,https://datosretc.mma.gob.cl,0,0,0,,
2026-02-08,deformability-cytometry-open-repository,https://dcor.mpl.mpg.de,0,0,0,,
2026-02-08,quescren-data-portal,https://desq.quescren.ca,0,0,0,,
2026-02-08,detroit-open-data-portal,https://detroitdata.org,0,0,0,,
2026-02-08,gulf-of-maine-research-institute,https://dev.ckan.res.gmri.io,0,0,0,,
2026-02-08,victorian-government-data,https://discover.data.vic.gov.au,0,0,0,,
2026-02-08,the-document-management-system,https://dms.hiv.health.gov.mw,0,0,0,,
2026-02-08,docsentsoeeu,https://docs.entsoe.eu,0,0,0,,
2026-02-08,donneescmmqcca,https://donnees.cmm.qc.ca,0,0,0,,
2026-02-08,open-data-website-of-the-city-of-montreal,https://donnees.montreal.ca,0,0,0,,
2026-02-08,open-data-of-the-city-of-montreal,https://donnees.ville.montreal.qc.ca,0,0,0,,
2026-02-08,quebec-data-open-data-from-quebec,https://donneesquebec.ca,0,0,0,,
2026-02-08,quebec-open-data,https://donneesquebec.ca/recherche/fr,0,0,0,,
2026-02-08,ecai-ckan-portal,https://ecaidata.org,0,0,0,,
2026-02-08,edge-open-data-portal,https://edge.durban,0,0,0,,
2026-02-08,the-durban-edge-open-data-portal,https://edge.durban/,0,0,0,,
2026-02-08,edxnetldoegov,https://edx.netl.doe.gov,0,0,0,,
2026-02-08,aging-research-group-data,https://embed.aging-research.group,0,0,0,,
2026-02-08,energydata-info,https://energydata.info,0,0,0,,
2026-02-08,thailand-agriculture-data-portal,https://farmerone.in.th,0,0,0,,
2026-02-08,nsw-flood-data-portal,https://flooddata.ses.nsw.gov.au,0,0,0,,
2026-02-08,reykjavik-open-data,https://gagnagatt.reykjavik.is,0,0,0,,
2026-02-08,gdcatalogcodiorth,https://gdcatalog.codi.or.th,0,0,0,,
2026-02-08,government-data-catalog,https://gdcatalog.go.th,0,0,0,,
2026-02-08,gdcatalognhacoth,https://gdcatalog.nha.co.th,0,0,0,,
2026-02-08,world-bank-gender-data-portal,https://genderopendata.org,0,0,0,,
2026-02-08,global-development-data-portal,https://geo4.dev,0,0,0,,
2026-02-08,dutch-base-registries-data-catalog,https://geocatalogus.nl,0,0,0,,
2026-02-08,geodatasandvikense,https://geodata.sandviken.se,0,0,0,,
2026-02-08,geographic-information-system-of-western-macedonia,https://geodm.gr,0,0,0,,
2026-02-08,gsq-open-data-portal,https://geoscience.data.qld.gov.au,0,0,0,,
2026-02-08,gifu-prefecture-open-data-catalog-site,https://gifu-opendata.pref.gifu.lg.jp,0,0,0,,
2026-02-08,eu-data-portal,https://gimi9.com,0,0,0,,
2026-02-08,marine-spatial-data-hub,https://gis-hub.ca,0,0,0,,
2026-02-08,minnesota-geospatial-commons,https://gisdata.mn.gov,0,0,0,,
2026-02-08,thai-agricultural-open-data,https://govtech.in.th,0,0,0,,
2026-02-08,grandestmoissonnagedata4citizencom,https://grandest-moissonnage.data4citizen.com,0,0,0,,
2026-02-08,haifa-data-portal,https://haifa.datacity.org.il,0,0,0,,
2026-02-08,central-statistics-office-data,https://haleandhearty.staging.derilinx.com,0,0,0,,
2026-02-08,hellenic-research-data-repository,https://hardmin.heal-link.gr,0,0,0,,
2026-02-08,tumi-data-portal,https://hub.tumidata.org,0,0,0,,
2026-02-08,russian-open-data-hub,https://hubofdata.ru,0,0,0,,
2026-02-08,world-bank-trust-funds-iati-data,https://iatiregistry.org,0,0,0,,
2026-02-08,indicadores-pr-indicadores-pr,https://indicadores.pr,0,0,0,,
2026-02-08,ipaportal-ipaportale,https://indicepa.gov.it,0,0,0,,
2026-02-08,u-s-federal-government-data-inventory,https://inventory.data.gov,0,0,0,,
2026-02-08,jerusalem-open-data-portal,https://jerusalem.datacity.org.il,0,0,0,,
2026-02-08,zbw-journal-data-archive,https://journaldata.zbw.eu,0,0,0,,
2026-02-08,justicehubin,https://justicehub.in,0,0,0,,
2026-02-08,activity-catalog-of-the-round-table-gis-association,https://katalog.rundertischgis.de,0,0,0,,
2026-02-08,open-information-kfar-saba,https://kfar-saba.datacity.org.il,0,0,0,,
2026-02-08,national-public-data-portal,https://kozadatportal.hu,0,0,0,,
2026-02-08,ldd-ckan-ldd-ckan,https://lddcatalog.ldd.go.th,0,0,0,,
2026-02-08,attica-wetlands-wetland-repository,https://library.atticawetlands.eu,0,0,0,,
2026-02-08,suomi-fi-service-interconnection-catalog,https://liityntakatalogi.suomi.fi,0,0,0,,
2026-02-08,lincolnshire-open-data,https://lincolnshire.ckan.io,0,0,0,,
2026-02-08,open-information-portal-ma-ale-adumim,https://maale-adummim.datacity.org.il,0,0,0,,
2026-02-08,mapaction-data-portal,https://maps.mapaction.org,0,0,0,,
2026-02-08,clariah-labs-dataset-registry,https://mediasuitedata.clariah.nl,0,0,0,,
2026-02-08,mobidata-bw-data-portal,https://mobidata-bw.de,0,0,0,,
2026-02-08,nabc-data-catalog-nabc-data-catalog,https://nabc-catalog.oae.go.th,0,0,0,,
2026-02-08,usgs-3dep-data-catalog,https://nationaldataplatform.org/catalog,0,0,0,,
2026-02-08,netanya-open-information-portal-home-page,https://netanya.datacity.org.il,0,0,0,,
2026-02-08,ngodataru,https://ngodata.ru,0,0,0,,
2026-02-08,niagara-open-data,https://niagaraopendata.ca,0,0,0,,
2026-02-08,nagoya-disaster-prevention-open-data-catalog,https://nui-ngy-bosai.jp,0,0,0,,
2026-02-08,oasishubco,https://oasishub.co,0,0,0,,
2026-02-08,ocims-csir-co-za,https://ocims.csir.co.za,0,0,0,,
2026-02-08,information-to-the-people-data-portal,https://odata.org.il,0,0,0,,
2026-02-08,salou-city-council-transperency-portal,https://offenedaten.aachen.de,0,0,0,,
2026-02-08,moers-open-data-portal,https://offenesdatenportal.de,0,0,0,,
2026-02-08,toyama-city-open-data,https://opdt.city.toyama.lg.jp,0,0,0,,
2026-02-08,ble-open-data-portal,https://open-data.ble.de,0,0,0,,
2026-02-08,open-government-program,https://open.alberta.ca,0,0,0,,
2026-02-08,city-of-jackson-open-data,https://open.jacksonms.gov,0,0,0,,
2026-02-08,open-nrw-the-open-government-portal-in-nrw,https://open.nrw,0,0,0,,
2026-02-08,city-of-regina-open-data,https://open.regina.ca,0,0,0,,
2026-02-08,toronto-open-data-portal,https://open.toronto.ca/,0,0,0,,
2026-02-08,openafrica-data-portal,https://openafrica.net,0,0,0,,
2026-02-08,open-budgets-india,https://openbudgetsindia.org,0,0,0,,
2026-02-08,open-data-stavanger-region,https://opencom.no,0,0,0,,
2026-02-08,barcelona-open-data,https://opendata-ajuntament.barcelona.cat/data,0,0,0,,
2026-02-08,rostock-open-data-portal,https://opendata-hro.de,0,0,0,,
2026-02-08,opendata-nasu-nasu-regional-settlement-self-reliance-area-open-data-catalog,https://opendata-nasu.opendatastack.jp,0,0,0,,
2026-02-08,dafm-open-data,https://opendata.agriculture.gov.ie,0,0,0,,
2026-02-08,alcoi-open-data-open-data-portal-of-alcoy,https://opendata.alcoi.org/data,0,0,0,,
2026-02-08,angus-council-open-data-angus-council-open-data,https://opendata.angus.gov.uk,0,0,0,,
2026-02-08,aragon-open-data,https://opendata.aragon.es,0,0,0,,
2026-02-08,alcala-de-henares-open-data-portal,https://opendata.ayto-alcaladehenares.es,0,0,0,,
2026-02-08,istanbul-b40-open-data-portal,https://opendata.b40cities.org,0,0,0,,
2026-02-08,central-bank-of-brazil-open-data-portal,https://opendata.bcb.gov.br,0,0,0,,
2026-02-08,central-bank-of-ireland-s-open-data-portal,https://opendata.centralbank.ie,0,0,0,,
2026-02-08,halandri-open-data,https://opendata.chalandri.gr,0,0,0,,
2026-02-08,open-data-portal-of-lviv-portal-vidkritikh-danikh-lvova,https://opendata.city-adm.lviv.ua,0,0,0,,
2026-02-08,chiba-city-open-data-catalog-site,https://opendata.city.chiba.jp,0,0,0,,
2026-02-08,kitamoto-city-open-data-portal-site-kitamoto-open-data,https://opendata.city.kitamoto.saitama.jp,0,0,0,,
2026-02-08,machida-city-open-data-catalog-site,https://opendata.city.machida.tokyo.jp,0,0,0,,
2026-02-08,mooka-city-open-data-catalog-site,https://opendata.city.moka.lg.jp,0,0,0,,
2026-02-08,nisshin-city-open-data-catalog-site,https://opendata.city.nisshin.lg.jp,0,0,0,,
2026-02-08,sagamihara-city-open-data-catalog-site,https://opendata.city.sagamihara.kanagawa.jp,0,0,0,,
2026-02-08,open-data-pakistan,https://opendata.com.pk,0,0,0,,
2026-02-08,portale-open-data-comune-di-messina,https://opendata.comune.messina.it,0,0,0,,
2026-02-08,opendata-municipality-of-reggio-emilia,https://opendata.comune.re.it,0,0,0,,
2026-02-08,opendata-rimini,https://opendata.comune.rimini.it,0,0,0,,
2026-02-08,open-data-wroclaw,https://opendata.cui.wroclaw.pl,0,0,0,,
2026-02-08,accounting-system-dairy-promotion-organization-of-thailand,https://opendata.dpo.go.th,0,0,0,,
2026-02-08,opendata-dsd-go-th-opendata-dsd-go-th,https://opendata.dsd.go.th,0,0,0,,
2026-02-08,etda-data-catalog,https://opendata.etda.or.th,0,0,0,,
2026-02-08,opendata-euroinfosicilia-opendata-euroinfosicilia,https://opendata.euroinfosicilia.it,0,0,0,,
2026-02-08,gera-open-data-portal,https://opendata.gera.de,0,0,0,,
2026-02-08,government-of-jersey-open-data,https://opendata.gov.je,0,0,0,,
2026-02-08,northwest-territories-open-data,https://opendata.gov.nt.ca,0,0,0,,
2026-02-08,the-public-knowledge-workshop-data-portal,https://opendata.hasadna.org.il,0,0,0,,
2026-02-08,hawaii-open-data,https://opendata.hawaii.gov,0,0,0,,
2026-02-08,dhlgh-open-data,https://opendata.housing.gov.ie,0,0,0,,
2026-02-08,hungarian-open-data-catalog,https://opendata.hu,0,0,0,,
2026-02-08,sitcabgc-reusable-spatial-data,https://opendata.idegrancanaria.es,0,0,0,,
2026-02-08,opendataipstacth,https://opendata.ipst.ac.th,0,0,0,,
2026-02-08,open-data-jena,https://opendata.jena.de,0,0,0,,
2026-02-08,open-data-platform-kaaw,https://opendata.kaaw.de,0,0,0,,
2026-02-08,kebumen-regency-open-data,https://opendata.kebumenkab.go.id,0,0,0,,
2026-02-08,open-data-portal-of-the-city-of-leipzig,https://opendata.leipzig.de,0,0,0,,
2026-02-08,luke-open-data-portal,https://opendata.luke.fi,0,0,0,,
2026-02-08,opendatammdecincz,https://opendata.mmdecin.cz,0,0,0,,
2026-02-08,open-data-portal-munich,https://opendata.muenchen.de,0,0,0,,
2026-02-08,ministry-of-foreign-and-european-affairs-of-the-slovak-republic,https://opendata.mzv.sk,0,0,0,,
2026-02-08,open-data-portal-for-emenscr,https://opendata.nesdc.go.th,0,0,0,,
2026-02-08,nhsbsa-open-data-portal,https://opendata.nhsbsa.net,0,0,0,,
2026-02-08,open-data-of-the-national-innovation-agency,https://opendata.nia.or.th,0,0,0,,
2026-02-08,national-research-council-of-thailand,https://opendata.nrct.go.th,0,0,0,,
2026-02-08,office-of-the-basic-education-commission-ckan,https://opendata.obec.go.th,0,0,0,,
2026-02-08,pandeglang-open-data,https://opendata.pandeglangkab.go.id,0,0,0,,
2026-02-08,penghu-county-government-data-open-platform,https://opendata.penghu.gov.tw,0,0,0,,
2026-02-08,open-data-real-laboratory-pfaff,https://opendata.pfaff-reallabor.de,0,0,0,,
2026-02-08,barcelona-port-open-data-portal,https://opendata.portdebarcelona.cat,0,0,0,,
2026-02-08,open-data-portal-porto,https://opendata.porto.digital,0,0,0,,
2026-02-08,toyama-prefecture-open-data-portal-site,https://opendata.pref.toyama.jp,0,0,0,,
2026-02-08,opendataquangngaigovvn,https://opendata.quangngai.gov.vn,0,0,0,,
2026-02-08,opendataruhr,https://opendata.ruhr,0,0,0,,
2026-02-08,schleswig-holstein-open-data,https://opendata.schleswig-holstein.de,0,0,0,,
2026-02-08,sitcan-open-data,https://opendata.sitcan.es,0,0,0,,
2026-02-08,san-joaquin-county-open-data,https://opendata.sjgov.org,0,0,0,,
2026-02-08,slavutsk-city-council-open-data-portal,https://opendata.slavuta-mvk.gov.ua,0,0,0,,
2026-02-08,opendatasobraniemk,https://opendata.sobranie.mk,0,0,0,,
2026-02-08,open-data-solok-selatan,https://opendata.solselkab.go.id,0,0,0,,
2026-02-08,swiss-open-data-portal,https://opendata.swiss,0,0,0,,
2026-02-08,city-of-tampa-fl-open-data,https://opendata.tampa.gov,0,0,0,,
2026-02-08,tgo-carbon-credit-data-catalog,https://opendata.tgo.or.th,0,0,0,,
2026-02-08,open-data-portal-of-thanh-hoa-province,https://opendata.thanhhoa.gov.vn,0,0,0,,
2026-02-08,thai-industrial-standards-institute,https://opendata.tisi.go.th,0,0,0,,
2026-02-08,transport-open-data-home-page-transport-open-data,https://opendata.transport.nsw.gov.au,0,0,0,,
2026-02-08,university-of-granada-open-data,https://opendata.ugr.es,0,0,0,,
2026-02-08,opendataunexes,https://opendata.unex.es,0,0,0,,
2026-02-08,university-of-bari,https://opendata.uniba.it,0,0,0,,
2026-02-08,nuremberg-public-transport-open-data,https://opendata.vag.de,0,0,0,,
2026-02-08,valencia-open-data,https://opendata.vlci.valencia.es,0,0,0,,
2026-02-08,vnpt-it-economic-management-board-open-data,https://opendata.vnptit.vn,0,0,0,,
2026-02-08,winchester-va-open-data,https://opendata.winchesterva.gov,0,0,0,,
2026-02-08,open-data-nepal,https://opendatanepal.com,0,0,0,,
2026-02-08,open-data-of-the-city-of-prijedor-otvoreni-podaci-grada-prijedor,https://opendataprijedor.ba,0,0,0,,
2026-02-08,brazilian-health-data-portal,https://opendatasus.saude.gov.br,0,0,0,,
2026-02-08,gdynia-open-data,https://otwartedane.gdynia.pl,0,0,0,,
2026-02-08,abraxas-pandora-data-repository,https://pandoradata.earth,0,0,0,,
2026-02-08,department-of-alternative-energy-development-and-efficiency-data-catalog,https://pei.dede.go.th,0,0,0,,
2026-02-08,city-of-phoenix-open-data,https://phoenixopendata.com,0,0,0,,
2026-02-08,data-place-plymouth,https://plymouth.thedata.place,0,0,0,,
2026-02-08,opsi-open-data-slovenia,https://podatki.gov.si,0,0,0,,
2026-02-08,portalcrfmint,https://portal.crfm.int,0,0,0,,
2026-02-08,open-data-dk,https://portal.opendata.dk,0,0,0,,
2026-02-08,ufs-organizational-processes-data,https://processosorganizacionais.ufs.br,0,0,0,,
2026-02-08,rdm-inesctec-pt,https://rdm.inesctec.pt,0,0,0,,
2026-02-08,participatory-lab-climate-data,https://repository.participatorylab.org,0,0,0,,
2026-02-08,nfwf-coastal-resilience-open-data-platform,https://resiliencedata.nfwf.org,0,0,0,,
2026-02-08,rishon-lezion-open-data,https://rishonlezion.datacity.org.il,0,0,0,,
2026-02-08,dharmasraya-regency-data-portal,https://satudata.dharmasrayakab.go.id,0,0,0,,
2026-02-08,padang-city-government-one-data,https://satudata.padang.go.id,0,0,0,,
2026-02-08,mojokerto-regency-palapa-one-data,https://satudatapalapa.mojokertokab.go.id,0,0,0,,
2026-02-08,scidmnchcorgtw,https://scidm.nchc.org.tw,0,0,0,,
2026-02-08,sddi-catalog-bavaria,https://sddi-katalog.bayern,0,0,0,,
2026-02-08,canada-open-data,https://search.open.canada.ca/opendata/,0,0,0,,
2026-02-08,provincial-statistical-system,https://sep.tucuman.gob.ar,0,0,0,,
2026-02-08,one-data-portal-sisada-pematangsiantar-city,https://sisada.pematangsiantar.go.id,0,0,0,,
2026-02-08,heraklion-smart-city-open-data,https://smartcity.heraklion.gr/opendata,0,0,0,,
2026-02-08,sprogteknologi-dk,https://sprogressource.digst.govcloud.dk,0,0,0,,
2026-02-08,eu-language-technology-data,https://sprogteknologi.dk,0,0,0,,
2026-02-08,uk-data-service-ckan,https://statistics.ukdataservice.ac.uk,0,0,0,,
2026-02-08,sectoral-statistical-data,https://statistik.ponorogo.go.id,0,0,0,,
2026-02-08,transparency-portal-hamburg,https://suche.transparenz.hamburg.de,0,0,0,,
2026-02-08,trafikverket-traffic-data,https://trafficdata.se,0,0,0,,
2026-02-08,transparency-portal-of-alhaurin-de-la-torre,https://transparencia.alhaurindelatorre.es,0,0,0,,
2026-02-08,open-data-of-the-national-gas-regulatory-entity,https://transparencia.enargas.gob.ar,0,0,0,,
2026-02-08,city-of-karlsruhe,https://transparenz.karlsruhe.de,0,0,0,,
2026-02-08,infrabel-transport-data-portal,https://transportdata.be,0,0,0,,
2026-02-08,bourgogne-franche-comte-open-data,https://trouver.ternum-bfc.fr,0,0,0,,
2026-02-08,upv-data-transparency-portal,https://upvtransparent.upv.es,0,0,0,,
2026-02-08,tuzla-municipality-open-data-portal,https://veri.tuzla.bel.tr,0,0,0,,
2026-02-08,wbwaterdata-world-bank-group-waterdata,https://wbwaterdata.org,0,0,0,,
2026-02-08,wifire-commons-data-catalog,https://wifire-data.sdsc.edu,0,0,0,,
2026-02-08,morocco-open-data-portal,https://www.data.gov.ma/data,0,0,0,,
2026-02-08,open-data-portal-queensland-government-open-data-portal-queensland-government,https://www.data.qld.gov.au,0,0,0,,
2026-02-08,lwf-envidat-data-portal,https://www.envidat.ch,0,0,0,,
2026-02-08,girona-open-data,https://www.girona.cat/opendata,0,0,0,,
2026-02-08,offenesdatenportal-de,https://www.offenesdatenportal.de,0,0,0,,
2026-02-08,opendatanhsscot,https://www.opendata.nhs.scot,0,0,0,,
2026-02-08,wwwopentourismnet,https://www.opentourism.net,0,0,0,,
2026-02-08,nrgi-resourcedata-portal,https://www.resourcedata.org,0,0,0,,
2026-02-08,santa-cruz-de-tenerife-open-data,https://www.santacruzdetenerife.es/opendata,0,0,0,,
2026-02-08,west-virginia-checkbook,https://www.wvcheckbook.gov,0,0,0,,
2026-02-08,grupo-xcaret-sustainability-data,https://xtoria.grupoxcaret.com,0,0,0,,
